invoice_details_id,gross_margin_percentage,gross_income,cogs,unit_price,tax_5%,rating,invoice_id,product_line
0,4.761904762,26.1415,522.83,74.69,26.1415,9.1,750-67-8428,Health and beauty
1,4.761904762,3.82,76.4,15.28,3.82,9.6,226-31-3081,Electronic accessories
2,4.761904762,16.2155,324.31,46.33,16.2155,7.4,631-41-3108,Home and lifestyle
3,4.761904762,23.288,465.76,58.22,23.288,8.4,123-19-1176,Health and beauty
4,4.761904762,30.2085,604.17,86.31,30.2085,5.3,373-73-7910,Sports and travel
5,4.761904762,29.8865,597.73,85.39,29.8865,4.1,699-14-3026,Electronic accessories
6,4.761904762,20.652,413.04,68.84,20.652,5.8,355-53-5943,Electronic accessories
7,4.761904762,36.78,735.6,73.56,36.78,8.0,315-22-5665,Home and lifestyle
8,4.761904762,3.626,72.52,36.26,3.626,7.2,665-32-9167,Health and beauty
9,4.761904762,8.226,164.52,54.84,8.226,5.9,692-92-5582,Food and beverages
10,4.761904762,2.896,57.92,14.48,2.896,4.5,351-62-0822,Fashion accessories
11,4.761904762,5.102,102.04,25.51,5.102,6.8,529-56-3974,Electronic accessories
12,4.761904762,11.7375,234.75,46.95,11.7375,7.1,365-64-0515,Electronic accessories
13,4.761904762,21.595,431.9,43.19,21.595,8.2,252-56-2699,Food and beverages
14,4.761904762,35.69,713.8,71.38,35.69,5.7,829-34-3910,Health and beauty
15,4.761904762,28.116,562.32,93.72,28.116,4.5,299-46-1805,Sports and travel
16,4.761904762,24.1255,482.51,68.93,24.1255,4.6,656-95-9349,Health and beauty
17,4.761904762,21.783,435.66,72.61,21.783,6.9,765-26-6951,Sports and travel
18,4.761904762,8.2005,164.01,54.67,8.2005,8.6,329-62-1586,Food and beverages
19,4.761904762,4.03,80.6,40.3,4.03,4.4,319-50-3348,Home and lifestyle
20,4.761904762,21.51,430.2,86.04,21.51,4.8,300-71-4605,Electronic accessories
21,4.761904762,13.197,263.94,87.98,13.197,5.1,371-85-5789,Health and beauty
22,4.761904762,3.32,66.4,33.2,3.32,4.4,273-16-6619,Home and lifestyle
23,4.761904762,8.64,172.8,34.56,8.64,9.9,636-48-8204,Electronic accessories
24,4.761904762,13.2945,265.89,88.63,13.2945,6.0,549-59-1358,Sports and travel
25,4.761904762,21.036,420.72,52.59,21.036,8.5,227-03-5010,Home and lifestyle
26,4.761904762,1.676,33.52,33.52,1.676,6.7,649-29-6775,Fashion accessories
27,4.761904762,8.767,175.34,87.67,8.767,7.7,189-17-4241,Fashion accessories
28,4.761904762,22.09,441.8,88.36,22.09,9.6,145-94-9061,Food and beverages
29,4.761904762,11.2005,224.01,24.89,11.2005,7.4,848-62-7243,Health and beauty
30,4.761904762,23.5325,470.65,94.13,23.5325,4.8,871-79-8483,Fashion accessories
31,4.761904762,35.1315,702.63,78.07,35.1315,4.5,149-71-6266,Sports and travel
32,4.761904762,33.512,670.24,83.78,33.512,5.1,640-49-2076,Sports and travel
33,4.761904762,9.658,193.16,96.58,9.658,5.1,595-11-5460,Health and beauty
34,4.761904762,19.884,397.68,99.42,19.884,7.5,183-56-6882,Food and beverages
35,4.761904762,3.406,68.12,68.12,3.406,6.8,232-16-2483,Sports and travel
36,4.761904762,15.655,313.1,62.62,15.655,7.0,129-29-8530,Sports and travel
37,4.761904762,27.396,547.92,60.88,27.396,4.7,272-65-1806,Electronic accessories
38,4.761904762,21.968,439.36,54.92,21.968,7.6,333-73-7901,Health and beauty
39,4.761904762,12.048,240.96,30.12,12.048,7.7,777-82-7220,Home and lifestyle
40,4.761904762,4.336,86.72,86.72,4.336,7.9,280-35-5823,Home and lifestyle
41,4.761904762,5.611,112.22,56.11,5.611,6.3,554-53-8700,Home and lifestyle
42,4.761904762,20.736,414.72,69.12,20.736,5.6,354-25-5821,Sports and travel
43,4.761904762,39.48,789.6,98.7,39.48,7.6,228-96-1411,Food and beverages
44,4.761904762,1.537,30.74,15.37,1.537,7.2,617-15-4209,Health and beauty
45,4.761904762,18.792,375.84,93.96,18.792,9.5,132-32-9879,Electronic accessories
46,4.761904762,25.5105,510.21,56.69,25.5105,8.4,370-41-7321,Health and beauty
47,4.761904762,9.0045,180.09,20.01,9.0045,4.1,727-46-3608,Food and beverages
48,4.761904762,5.679,113.58,18.93,5.679,8.1,669-54-1719,Electronic accessories
49,4.761904762,41.315,826.3,82.63,41.315,7.9,574-22-5561,Fashion accessories
50,4.761904762,31.99,639.8,91.4,31.99,9.5,326-78-5178,Food and beverages
51,4.761904762,11.1475,222.95,44.59,11.1475,8.5,162-48-8011,Food and beverages
52,4.761904762,3.574,71.48,17.87,3.574,6.5,616-24-2851,Fashion accessories
53,4.761904762,0.7715,15.43,15.43,0.7715,6.1,778-71-5554,Fashion accessories
54,4.761904762,1.616,32.32,16.16,1.616,6.5,242-55-6721,Home and lifestyle
55,4.761904762,34.392,687.84,85.98,34.392,8.2,399-46-5918,Electronic accessories
56,4.761904762,4.434,88.68,44.34,4.434,5.8,106-35-6779,Home and lifestyle
57,4.761904762,35.84,716.8,89.6,35.84,6.6,635-40-6220,Health and beauty
58,4.761904762,36.175,723.5,72.35,36.175,5.4,817-48-8732,Home and lifestyle
59,4.761904762,9.183,183.66,30.61,9.183,9.3,120-06-4233,Electronic accessories
60,4.761904762,3.711,74.22,24.74,3.711,10.0,285-68-5083,Sports and travel
61,4.761904762,16.719,334.38,55.73,16.719,7.0,803-83-5989,Home and lifestyle
62,4.761904762,24.7815,495.63,55.07,24.7815,10.0,347-34-2234,Sports and travel
63,4.761904762,7.905,158.1,15.81,7.905,8.6,199-75-8169,Sports and travel
64,4.761904762,15.148,302.96,75.74,15.148,7.6,853-23-2453,Health and beauty
65,4.761904762,7.935,158.7,15.87,7.935,5.8,877-22-3308,Health and beauty
66,4.761904762,3.347,66.94,33.47,3.347,6.7,838-78-4295,Health and beauty
67,4.761904762,29.283,585.66,97.61,29.283,9.9,109-28-2512,Fashion accessories
68,4.761904762,39.385,787.7,78.77,39.385,6.4,232-11-3025,Sports and travel
69,4.761904762,0.9165,18.33,18.33,0.9165,4.3,382-03-4532,Health and beauty
70,4.761904762,44.74,894.8,89.48,44.74,9.6,393-65-2792,Food and beverages
71,4.761904762,31.06,621.2,62.12,31.06,5.9,796-12-2025,Fashion accessories
72,4.761904762,7.278,145.56,48.52,7.278,4.0,510-95-6347,Food and beverages
73,4.761904762,22.773,455.46,75.91,22.773,8.7,841-35-6630,Electronic accessories
74,4.761904762,33.6015,672.03,74.67,33.6015,9.4,287-21-9091,Home and lifestyle
75,4.761904762,20.825,416.5,41.65,20.825,5.4,732-94-0499,Electronic accessories
76,4.761904762,22.068,441.36,49.04,22.068,8.6,263-10-3913,Fashion accessories
77,4.761904762,9.0045,180.09,20.01,9.0045,5.7,381-20-0914,Fashion accessories
78,4.761904762,39.155,783.1,78.31,39.155,6.6,829-49-1914,Food and beverages
79,4.761904762,5.095,101.9,20.38,5.095,6.0,756-01-7507,Health and beauty
80,4.761904762,29.757,595.14,99.19,29.757,5.5,870-72-4431,Health and beauty
81,4.761904762,14.502,290.04,96.68,14.502,6.4,847-38-7188,Food and beverages
82,4.761904762,7.7,154.0,19.25,7.7,6.6,480-63-2856,Food and beverages
83,4.761904762,16.072,321.44,80.36,16.072,8.3,787-56-0757,Food and beverages
84,4.761904762,12.2275,244.55,48.91,12.2275,6.6,360-39-5055,Sports and travel
85,4.761904762,29.071,581.42,83.06,29.071,4.0,730-50-9884,Sports and travel
86,4.761904762,19.13,382.6,76.52,19.13,9.9,362-58-8315,Fashion accessories
87,4.761904762,17.283,345.66,49.38,17.283,7.3,633-44-8566,Food and beverages
88,4.761904762,2.1235,42.47,42.47,2.1235,5.7,504-35-8843,Sports and travel
89,4.761904762,23.097,461.94,76.99,23.097,6.1,318-68-5053,Health and beauty
90,4.761904762,9.476,189.52,47.38,9.476,7.1,565-80-5980,Home and lifestyle
91,4.761904762,22.43,448.6,44.86,22.43,8.2,225-32-0908,Sports and travel
92,4.761904762,7.693,153.86,21.98,7.693,5.1,873-51-0671,Sports and travel
93,4.761904762,28.962,579.24,64.36,28.962,8.6,152-08-9985,Health and beauty
94,4.761904762,4.4875,89.75,89.75,4.4875,6.6,512-91-0811,Health and beauty
95,4.761904762,4.858,97.16,97.16,4.858,7.2,594-34-4444,Electronic accessories
96,4.761904762,43.935,878.7,87.87,43.935,5.1,766-85-7061,Health and beauty
97,4.761904762,3.735,74.7,12.45,3.735,4.1,871-39-9221,Electronic accessories
98,4.761904762,7.9125,158.25,52.75,7.9125,9.3,865-92-6136,Food and beverages
99,4.761904762,24.81,496.2,82.7,24.81,7.4,733-01-9107,Home and lifestyle
100,4.761904762,2.4355,48.71,48.71,2.4355,4.1,163-56-7055,Fashion accessories
101,4.761904762,35.3475,706.95,78.55,35.3475,7.2,189-98-2939,Fashion accessories
102,4.761904762,10.3815,207.63,23.07,10.3815,4.9,551-21-3069,Electronic accessories
103,4.761904762,17.478,349.56,58.26,17.478,9.9,212-62-1842,Food and beverages
104,4.761904762,10.6225,212.45,30.35,10.6225,8.0,716-39-1409,Health and beauty
105,4.761904762,44.335,886.7,88.67,44.335,7.3,704-48-3927,Electronic accessories
106,4.761904762,8.214,164.28,27.38,8.214,7.9,628-34-3388,Fashion accessories
107,4.761904762,18.639,372.78,62.13,18.639,7.4,630-74-5166,Sports and travel
108,4.761904762,15.291,305.82,33.98,15.291,4.2,588-01-7461,Food and beverages
109,4.761904762,40.985,819.7,81.97,40.985,9.2,861-77-0145,Electronic accessories
110,4.761904762,1.649,32.98,16.49,1.649,4.6,479-26-8945,Sports and travel
111,4.761904762,14.7315,294.63,98.21,14.7315,7.8,210-67-5886,Health and beauty
112,4.761904762,25.494,509.88,72.84,25.494,8.4,227-78-1148,Fashion accessories
113,4.761904762,26.1315,522.63,58.07,26.1315,4.3,645-44-1170,Home and lifestyle
114,4.761904762,36.3555,727.11,80.79,36.3555,9.5,237-01-6122,Home and lifestyle
115,4.761904762,4.053,81.06,27.02,4.053,7.1,225-98-1496,Fashion accessories
116,4.761904762,5.485,109.7,21.94,5.485,5.3,291-32-1427,Fashion accessories
117,4.761904762,2.568,51.36,51.36,2.568,5.2,659-65-8956,Fashion accessories
118,4.761904762,5.48,109.6,10.96,5.48,6.0,642-32-2990,Food and beverages
119,4.761904762,5.344,106.88,53.44,5.344,4.1,378-24-2715,Home and lifestyle
120,4.761904762,39.824,796.48,99.56,39.824,5.2,638-60-7125,Electronic accessories
121,4.761904762,19.992,399.84,57.12,19.992,6.5,659-36-1684,Sports and travel
122,4.761904762,44.982,899.64,99.96,44.982,4.2,219-22-9386,Sports and travel
123,4.761904762,25.564,511.28,63.91,25.564,4.6,336-78-2147,Home and lifestyle
124,4.761904762,22.588,451.76,56.47,22.588,7.3,268-27-6179,Fashion accessories
125,4.761904762,32.7915,655.83,93.69,32.7915,4.5,668-90-8900,Home and lifestyle
126,4.761904762,8.0625,161.25,32.25,8.0625,9.0,870-54-3162,Sports and travel
127,4.761904762,14.2785,285.57,31.73,14.2785,5.9,189-08-9157,Fashion accessories
128,4.761904762,27.416,548.32,68.54,27.416,8.5,663-86-9076,Food and beverages
129,4.761904762,40.626,812.52,90.28,40.626,7.2,549-84-7482,Sports and travel
130,4.761904762,13.867,277.34,39.62,13.867,7.5,191-10-6171,Fashion accessories
131,4.761904762,27.639,552.78,92.13,27.639,8.3,802-70-5316,Sports and travel
132,4.761904762,6.968,139.36,34.84,6.968,7.4,695-51-0018,Sports and travel
133,4.761904762,26.235,524.7,87.45,26.235,8.8,590-83-4591,Electronic accessories
134,4.761904762,24.39,487.8,81.3,24.39,5.3,483-71-1164,Health and beauty
135,4.761904762,13.533,270.66,90.22,13.533,6.2,597-78-7908,Fashion accessories
136,4.761904762,6.5775,131.55,26.31,6.5775,8.8,700-81-1757,Electronic accessories
137,4.761904762,10.326,206.52,34.42,10.326,9.8,354-39-5160,Home and lifestyle
138,4.761904762,25.955,519.1,51.91,25.955,8.2,241-72-9525,Sports and travel
139,4.761904762,29.0,580.0,72.5,29.0,9.2,575-30-8091,Sports and travel
140,4.761904762,44.9,898.0,89.8,44.9,5.4,731-81-9469,Sports and travel
141,4.761904762,45.25,905.0,90.5,45.25,8.1,280-17-4359,Health and beauty
142,4.761904762,34.3,686.0,68.6,34.3,9.1,338-65-2210,Health and beauty
143,4.761904762,1.5205,30.41,30.41,1.5205,8.4,488-25-4221,Food and beverages
144,4.761904762,23.385,467.7,77.95,23.385,8.0,239-10-7476,Home and lifestyle
145,4.761904762,13.878,277.56,46.26,13.878,9.5,458-41-1477,Health and beauty
146,4.761904762,15.07,301.4,30.14,15.07,9.2,685-64-1609,Fashion accessories
147,4.761904762,13.228,264.56,66.14,13.228,5.6,568-90-5112,Health and beauty
148,4.761904762,28.744,574.88,71.86,28.744,6.2,262-47-2794,Home and lifestyle
149,4.761904762,12.984,259.68,32.46,12.984,4.9,238-49-0436,Health and beauty
150,4.761904762,18.308,366.16,91.54,18.308,4.8,608-96-3517,Fashion accessories
151,4.761904762,12.096,241.92,34.56,12.096,7.3,584-86-7256,Sports and travel
152,4.761904762,37.458,749.16,83.24,37.458,7.4,746-94-0204,Fashion accessories
153,4.761904762,4.944,98.88,16.48,4.944,9.9,214-17-6927,Food and beverages
154,4.761904762,32.388,647.76,80.97,32.388,9.3,400-89-4171,Sports and travel
155,4.761904762,23.0725,461.45,92.29,23.0725,9.0,782-95-9291,Food and beverages
156,4.761904762,3.6085,72.17,72.17,3.6085,6.1,279-74-2924,Electronic accessories
157,4.761904762,12.57,251.4,50.28,12.57,9.7,307-85-2293,Home and lifestyle
158,4.761904762,43.749,874.98,97.22,43.749,6.0,743-04-1105,Health and beauty
159,4.761904762,28.017,560.34,93.39,28.017,10.0,423-57-2993,Sports and travel
160,4.761904762,17.272,345.44,43.18,17.272,8.3,894-41-5205,Food and beverages
161,4.761904762,3.1845,63.69,63.69,3.1845,6.0,275-28-0149,Sports and travel
162,4.761904762,16.0265,320.53,45.79,16.0265,7.0,101-17-6199,Food and beverages
163,4.761904762,7.64,152.8,76.4,7.64,6.5,423-80-0988,Sports and travel
164,4.761904762,19.95,399.0,39.9,19.95,5.9,548-46-9322,Food and beverages
165,4.761904762,17.028,340.56,42.57,17.028,5.6,505-02-0892,Health and beauty
166,4.761904762,47.79,955.8,95.58,47.79,4.8,234-65-2137,Home and lifestyle
167,4.761904762,49.49,989.8,98.98,49.49,8.7,687-47-8271,Fashion accessories
168,4.761904762,15.384,307.68,51.28,15.384,6.5,796-32-9050,Food and beverages
169,4.761904762,24.332,486.64,69.52,24.332,8.5,105-31-1824,Sports and travel
170,4.761904762,17.5025,350.05,70.01,17.5025,5.5,249-42-3782,Health and beauty
171,4.761904762,20.0125,400.25,80.05,20.0125,9.4,316-55-4634,Food and beverages
172,4.761904762,8.34,166.8,20.85,8.34,6.3,733-33-4967,Electronic accessories
173,4.761904762,15.867,317.34,52.89,15.867,9.8,608-27-6295,Electronic accessories
174,4.761904762,7.916,158.32,19.79,7.916,8.7,414-12-7047,Food and beverages
175,4.761904762,15.228,304.56,33.84,15.228,8.8,827-26-2100,Home and lifestyle
176,4.761904762,8.868,177.36,22.17,8.868,9.6,175-54-2529,Food and beverages
177,4.761904762,7.8785,157.57,22.51,7.8785,4.8,139-52-2867,Fashion accessories
178,4.761904762,22.164,443.28,73.88,22.164,4.4,407-63-8975,Food and beverages
179,4.761904762,13.02,260.4,86.8,13.02,9.9,342-65-4817,Health and beauty
180,4.761904762,22.491,449.82,64.26,22.491,5.7,130-98-8941,Fashion accessories
181,4.761904762,15.388,307.76,38.47,15.388,7.7,434-83-9547,Food and beverages
182,4.761904762,7.75,155.0,15.5,7.75,8.0,851-28-6367,Sports and travel
183,4.761904762,13.724,274.48,34.31,13.724,5.7,824-88-3614,Health and beauty
184,4.761904762,4.319,86.38,12.34,4.319,6.7,586-25-0848,Sports and travel
185,4.761904762,2.712,54.24,18.08,2.712,8.0,895-66-0685,Food and beverages
186,4.761904762,37.796,755.92,94.49,37.796,7.5,305-14-0245,Home and lifestyle
187,4.761904762,9.294,185.88,46.47,9.294,7.0,732-04-5373,Home and lifestyle
188,4.761904762,3.7035,74.07,74.07,3.7035,9.9,400-60-7251,Home and lifestyle
189,4.761904762,13.962,279.24,69.81,13.962,5.9,593-65-1552,Home and lifestyle
190,4.761904762,11.556,231.12,77.04,11.556,7.2,284-34-9626,Home and lifestyle
191,4.761904762,7.352,147.04,73.52,7.352,4.6,437-58-8131,Fashion accessories
192,4.761904762,39.51,790.2,87.8,39.51,9.2,286-43-6208,Food and beverages
193,4.761904762,5.11,102.2,25.55,5.11,5.7,641-43-2399,Home and lifestyle
194,4.761904762,8.1775,163.55,32.71,8.1775,9.9,831-07-6050,Electronic accessories
195,4.761904762,3.7145,74.29,74.29,3.7145,5.0,556-86-3144,Fashion accessories
196,4.761904762,4.37,87.4,43.7,4.37,4.9,848-24-9445,Health and beauty
197,4.761904762,1.2645,25.29,25.29,1.2645,6.1,856-22-8149,Home and lifestyle
198,4.761904762,8.3,166.0,41.5,8.3,8.2,699-01-4164,Health and beauty
199,4.761904762,17.8475,356.95,71.39,17.8475,5.5,420-11-4919,Food and beverages
200,4.761904762,5.745,114.9,19.15,5.745,6.8,606-80-4905,Sports and travel
201,4.761904762,11.498,229.96,57.49,11.498,6.6,542-41-0513,Electronic accessories
202,4.761904762,21.4935,429.87,61.41,21.4935,9.8,426-39-2418,Electronic accessories
203,4.761904762,12.95,259.0,25.9,12.95,8.7,875-46-5808,Health and beauty
204,4.761904762,4.4425,88.85,17.77,4.4425,5.4,394-43-4238,Home and lifestyle
205,4.761904762,10.3635,207.27,23.03,10.3635,7.9,749-24-1565,Health and beauty
206,4.761904762,29.9925,599.85,66.65,29.9925,9.7,672-51-8681,Electronic accessories
207,4.761904762,14.265,285.3,28.53,14.265,7.8,263-87-5680,Home and lifestyle
208,4.761904762,4.5555,91.11,30.37,4.5555,5.1,573-58-9734,Fashion accessories
209,4.761904762,44.8785,897.57,99.73,44.8785,6.5,817-69-8206,Electronic accessories
210,4.761904762,11.8035,236.07,26.23,11.8035,5.9,888-02-0338,Electronic accessories
211,4.761904762,41.967,839.34,93.26,41.967,8.8,677-11-0152,Food and beverages
212,4.761904762,23.09,461.8,92.36,23.09,4.9,142-63-6033,Home and lifestyle
213,4.761904762,6.963,139.26,46.42,6.963,4.4,656-16-1063,Sports and travel
214,4.761904762,10.3635,207.27,29.61,10.3635,6.5,891-58-8335,Sports and travel
215,4.761904762,0.914,18.28,18.28,0.914,8.3,802-43-8934,Home and lifestyle
216,4.761904762,6.1925,123.85,24.77,6.1925,8.5,560-30-5617,Sports and travel
217,4.761904762,14.196,283.92,94.64,14.196,5.5,319-74-2561,Electronic accessories
218,4.761904762,37.948,758.96,94.87,37.948,8.7,549-03-9315,Fashion accessories
219,4.761904762,8.601,172.02,57.34,8.601,7.9,790-29-1172,Food and beverages
220,4.761904762,13.605,272.1,45.35,13.605,6.1,239-36-3640,Electronic accessories
221,4.761904762,21.728,434.56,62.08,21.728,5.4,468-01-2051,Food and beverages
222,4.761904762,2.9525,59.05,11.81,2.9525,9.4,389-25-3394,Electronic accessories
223,4.761904762,0.627,12.54,12.54,0.627,8.2,279-62-1445,Fashion accessories
224,4.761904762,4.325,86.5,43.25,4.325,6.2,213-72-6612,Food and beverages
225,4.761904762,8.716,174.32,87.16,8.716,9.7,746-68-6593,Sports and travel
226,4.761904762,31.2165,624.33,69.37,31.2165,4.0,836-82-5858,Health and beauty
227,4.761904762,7.412,148.24,37.06,7.412,9.7,583-72-1480,Electronic accessories
228,4.761904762,27.21,544.2,90.7,27.21,5.3,466-61-5506,Electronic accessories
229,4.761904762,25.368,507.36,63.42,25.368,7.4,721-86-6247,Home and lifestyle
230,4.761904762,8.137,162.74,81.37,8.137,6.5,289-65-5721,Fashion accessories
231,4.761904762,1.5885,31.77,10.59,1.5885,8.7,545-46-3100,Electronic accessories
232,4.761904762,37.8405,756.81,84.09,37.8405,8.0,418-02-5978,Health and beauty
233,4.761904762,14.764,295.28,73.82,14.764,6.7,269-04-5750,Fashion accessories
234,4.761904762,25.97,519.4,51.94,25.97,6.5,157-13-5295,Health and beauty
235,4.761904762,9.314,186.28,93.14,9.314,4.1,645-78-8093,Sports and travel
236,4.761904762,4.3525,87.05,17.41,4.3525,4.9,211-30-9270,Health and beauty
237,4.761904762,11.055,221.1,44.22,11.055,8.6,755-12-3214,Fashion accessories
238,4.761904762,3.305,66.1,13.22,3.305,4.3,346-84-3103,Electronic accessories
239,4.761904762,4.4845,89.69,89.69,4.4845,4.9,478-06-7835,Fashion accessories
240,4.761904762,11.223,224.46,24.94,11.223,5.6,540-11-4336,Food and beverages
241,4.761904762,5.977,119.54,59.77,5.977,5.8,448-81-5016,Health and beauty
242,4.761904762,9.32,186.4,93.2,9.32,6.0,142-72-4741,Fashion accessories
243,4.761904762,12.53,250.6,62.65,12.53,4.2,217-58-1179,Home and lifestyle
244,4.761904762,37.548,750.96,93.87,37.548,8.3,376-02-8238,Home and lifestyle
245,4.761904762,19.036,380.72,47.59,19.036,5.7,530-90-9855,Home and lifestyle
246,4.761904762,12.21,244.2,81.4,12.21,4.8,866-05-7563,Electronic accessories
247,4.761904762,4.485,89.7,17.94,4.485,6.8,604-70-6476,Fashion accessories
248,4.761904762,15.544,310.88,77.72,15.544,8.8,799-71-1548,Electronic accessories
249,4.761904762,25.571,511.42,73.06,25.571,4.2,785-13-7708,Food and beverages
250,4.761904762,20.9475,418.95,46.55,20.9475,6.4,845-51-0542,Food and beverages
251,4.761904762,17.595,351.9,35.19,17.595,8.4,662-47-5456,Fashion accessories
252,4.761904762,1.439,28.78,14.39,1.439,7.2,883-17-4236,Sports and travel
253,4.761904762,4.75,95.0,23.75,4.75,5.2,290-68-2984,Home and lifestyle
254,4.761904762,23.56,471.2,58.9,23.56,8.9,704-11-6354,Home and lifestyle
255,4.761904762,6.524,130.48,32.62,6.524,9.0,110-48-7033,Fashion accessories
256,4.761904762,3.3175,66.35,66.35,3.3175,9.7,366-93-0948,Electronic accessories
257,4.761904762,7.773,155.46,25.91,7.773,8.7,729-09-9681,Home and lifestyle
258,4.761904762,6.45,129.0,32.25,6.45,6.5,151-16-1484,Electronic accessories
259,4.761904762,13.188,263.76,65.94,13.188,6.9,380-94-4661,Electronic accessories
260,4.761904762,33.777,675.54,75.06,33.777,6.2,850-41-9669,Electronic accessories
261,4.761904762,3.29,65.8,16.45,3.29,5.6,821-07-3596,Fashion accessories
262,4.761904762,7.66,153.2,38.3,7.66,5.7,655-85-5130,Fashion accessories
263,4.761904762,11.12,222.4,22.24,11.12,4.2,447-15-7839,Sports and travel
264,4.761904762,2.7225,54.45,54.45,2.7225,7.9,154-74-7179,Sports and travel
265,4.761904762,34.44,688.8,98.4,34.44,8.7,253-12-6086,Sports and travel
266,4.761904762,7.094,141.88,35.47,7.094,6.9,808-65-0703,Home and lifestyle
267,4.761904762,37.3,746.0,74.6,37.3,9.5,571-94-0759,Food and beverages
268,4.761904762,14.148,282.96,70.74,14.148,4.4,144-51-6085,Home and lifestyle
269,4.761904762,17.77,355.4,35.54,17.77,7.0,731-14-2199,Home and lifestyle
270,4.761904762,16.8575,337.15,67.43,16.8575,6.3,783-09-1637,Sports and travel
271,4.761904762,2.112,42.24,21.12,2.112,9.7,687-15-1097,Health and beauty
272,4.761904762,9.693,193.86,21.54,9.693,8.8,126-54-1082,Home and lifestyle
273,4.761904762,1.203,24.06,12.03,1.203,5.1,633-91-1052,Home and lifestyle
274,4.761904762,29.913,598.26,99.71,29.913,7.9,477-24-6490,Health and beauty
275,4.761904762,16.7895,335.79,47.97,16.7895,6.2,566-19-5475,Fashion accessories
276,4.761904762,10.91,218.2,21.82,10.91,7.1,526-86-8552,Home and lifestyle
277,4.761904762,19.084,381.68,95.42,19.084,6.4,376-56-3573,Fashion accessories
278,4.761904762,35.495,709.9,70.99,35.495,5.7,537-72-0426,Fashion accessories
279,4.761904762,22.01,440.2,44.02,22.01,9.6,828-61-5674,Sports and travel
280,4.761904762,27.984,559.68,69.96,27.984,6.4,136-08-6195,Home and lifestyle
281,4.761904762,1.85,37.0,37.0,1.85,7.9,523-38-0215,Home and lifestyle
282,4.761904762,0.767,15.34,15.34,0.767,6.5,490-29-1201,Sports and travel
283,4.761904762,29.949,598.98,99.83,29.949,8.5,667-92-0055,Health and beauty
284,4.761904762,9.534,190.68,47.67,9.534,9.1,565-17-3836,Health and beauty
285,4.761904762,16.67,333.4,66.68,16.67,7.6,498-41-1961,Health and beauty
286,4.761904762,3.743,74.86,74.86,3.743,6.9,593-95-4461,Home and lifestyle
287,4.761904762,10.6875,213.75,23.75,10.6875,9.5,226-71-3580,Sports and travel
288,4.761904762,16.9785,339.57,48.51,16.9785,5.2,283-79-9594,Food and beverages
289,4.761904762,33.208,664.16,94.88,33.208,4.2,430-60-3493,Home and lifestyle
290,4.761904762,20.15,403.0,40.3,20.15,7.0,139-20-0155,Electronic accessories
291,4.761904762,9.7475,194.95,27.85,9.7475,6.0,558-80-4082,Electronic accessories
292,4.761904762,3.124,62.48,62.48,3.124,4.7,278-97-7759,Electronic accessories
293,4.761904762,3.636,72.72,36.36,3.636,7.1,316-68-6352,Food and beverages
294,4.761904762,9.055,181.1,18.11,9.055,5.9,585-03-5943,Health and beauty
295,4.761904762,12.98,259.6,51.92,12.98,7.5,211-05-0490,Electronic accessories
296,4.761904762,5.768,115.36,28.84,5.768,6.4,727-75-6477,Electronic accessories
297,4.761904762,23.514,470.28,78.38,23.514,5.8,744-02-5987,Home and lifestyle
298,4.761904762,12.002,240.04,60.01,12.002,4.5,307-83-9164,Home and lifestyle
299,4.761904762,4.4305,88.61,88.61,4.4305,7.7,779-06-0012,Home and lifestyle
300,4.761904762,9.982,199.64,99.82,9.982,6.7,446-47-6729,Fashion accessories
301,4.761904762,1.9505,39.01,39.01,1.9505,4.7,573-10-3877,Health and beauty
302,4.761904762,2.4305,48.61,48.61,2.4305,4.4,735-06-4124,Food and beverages
303,4.761904762,10.238,204.76,51.19,10.238,4.7,439-54-7422,Electronic accessories
304,4.761904762,5.984,119.68,14.96,5.984,8.6,396-90-2219,Electronic accessories
305,4.761904762,25.27,505.4,72.2,25.27,4.3,411-77-0180,Electronic accessories
306,4.761904762,14.0805,281.61,40.23,14.0805,9.6,286-01-5402,Sports and travel
307,4.761904762,35.516,710.32,88.79,35.516,4.1,803-17-8013,Home and lifestyle
308,4.761904762,3.972,79.44,26.48,3.972,4.7,512-98-1403,Electronic accessories
309,4.761904762,8.191,163.82,81.91,8.191,7.8,848-42-2560,Fashion accessories
310,4.761904762,23.979,479.58,79.93,23.979,5.5,532-59-7201,Sports and travel
311,4.761904762,6.933,138.66,69.33,6.933,9.7,181-94-6432,Fashion accessories
312,4.761904762,3.5575,71.15,14.23,3.5575,4.4,870-76-1733,Food and beverages
313,4.761904762,6.9975,139.95,15.55,6.9975,5.0,423-64-4619,Health and beauty
314,4.761904762,39.065,781.3,78.13,39.065,4.4,227-07-4446,Electronic accessories
315,4.761904762,9.937,198.74,99.37,9.937,5.2,174-36-3675,Food and beverages
316,4.761904762,3.162,63.24,21.08,3.162,7.3,428-83-5800,Food and beverages
317,4.761904762,18.6975,373.95,74.79,18.6975,4.9,603-07-0961,Electronic accessories
318,4.761904762,10.3845,207.69,29.67,10.3845,8.1,704-20-4138,Health and beauty
319,4.761904762,8.814,176.28,44.07,8.814,8.4,787-15-1757,Health and beauty
320,4.761904762,10.3185,206.37,22.93,10.3185,5.5,649-11-3678,Food and beverages
321,4.761904762,1.971,39.42,39.42,1.971,8.4,622-20-1945,Health and beauty
322,4.761904762,4.578,91.56,15.26,4.578,9.8,372-94-8041,Health and beauty
323,4.761904762,15.4425,308.85,61.77,15.4425,6.7,563-91-7120,Fashion accessories
324,4.761904762,6.456,129.12,21.52,6.456,9.4,746-54-5508,Home and lifestyle
325,4.761904762,19.548,390.96,97.74,19.548,6.4,276-54-0879,Sports and travel
326,4.761904762,24.945,498.9,99.78,24.945,5.4,815-11-1168,Food and beverages
327,4.761904762,18.852,377.04,94.26,18.852,8.6,719-76-3868,Food and beverages
328,4.761904762,10.226,204.52,51.13,10.226,4.0,730-61-8757,Health and beauty
329,4.761904762,7.272,145.44,36.36,7.272,7.6,340-66-0321,Electronic accessories
330,4.761904762,9.909,198.18,22.02,9.909,6.8,868-81-1752,Home and lifestyle
331,4.761904762,4.935,98.7,32.9,4.935,9.1,634-97-8956,Food and beverages
332,4.761904762,19.255,385.1,77.02,19.255,5.5,566-71-1091,Fashion accessories
333,4.761904762,2.348,46.96,23.48,2.348,7.9,442-48-3607,Food and beverages
334,4.761904762,3.675,73.5,14.7,3.675,8.5,835-16-0096,Sports and travel
335,4.761904762,7.1125,142.25,28.45,7.1125,9.1,527-09-6272,Electronic accessories
336,4.761904762,34.38,687.6,76.4,34.38,7.5,898-04-2717,Fashion accessories
337,4.761904762,17.385,347.7,57.95,17.385,5.2,692-27-8933,Sports and travel
338,4.761904762,7.1475,142.95,47.65,7.1475,9.5,633-09-3463,Electronic accessories
339,4.761904762,19.269,385.38,42.82,19.269,8.9,374-17-3652,Food and beverages
340,4.761904762,7.2135,144.27,48.09,7.2135,7.8,378-07-7001,Electronic accessories
341,4.761904762,19.5895,391.79,55.97,19.5895,8.9,433-75-6987,Health and beauty
342,4.761904762,26.915,538.3,76.9,26.915,7.7,873-95-4984,Health and beauty
343,4.761904762,24.2575,485.15,97.03,24.2575,9.3,416-13-5917,Food and beverages
344,4.761904762,6.6975,133.95,44.65,6.6975,6.2,150-89-8043,Sports and travel
345,4.761904762,35.0685,701.37,77.93,35.0685,7.6,135-84-8019,Fashion accessories
346,4.761904762,3.5975,71.95,71.95,3.5975,7.3,441-94-7118,Electronic accessories
347,4.761904762,35.7,714.0,89.25,35.7,4.7,725-96-3778,Home and lifestyle
348,4.761904762,9.107,182.14,26.02,9.107,5.1,531-80-1784,Electronic accessories
349,4.761904762,6.75,135.0,13.5,6.75,4.8,400-45-1220,Health and beauty
350,4.761904762,49.65,993.0,99.3,49.65,6.6,860-79-0874,Fashion accessories
351,4.761904762,18.0915,361.83,51.69,18.0915,5.5,834-61-8124,Electronic accessories
352,4.761904762,19.1555,383.11,54.73,19.1555,8.5,115-99-4379,Fashion accessories
353,4.761904762,12.15,243.0,27.0,12.15,4.8,565-67-6697,Home and lifestyle
354,4.761904762,1.512,30.24,30.24,1.512,8.4,320-49-6392,Electronic accessories
355,4.761904762,17.828,356.56,89.14,17.828,7.8,889-04-9723,Food and beverages
356,4.761904762,18.775,375.5,37.55,18.775,9.3,632-90-0281,Fashion accessories
357,4.761904762,47.72,954.4,95.44,47.72,5.2,554-42-2417,Sports and travel
358,4.761904762,4.125,82.5,27.5,4.125,6.5,453-63-6187,Electronic accessories
359,4.761904762,3.7485,74.97,74.97,3.7485,5.6,578-80-7669,Sports and travel
360,4.761904762,32.384,647.68,80.96,32.384,7.4,612-36-5536,Food and beverages
361,4.761904762,37.788,755.76,94.47,37.788,9.1,605-72-4132,Food and beverages
362,4.761904762,9.979,199.58,99.79,9.979,8.0,471-41-2823,Food and beverages
363,4.761904762,21.966,439.32,73.22,21.966,7.2,462-67-9126,Home and lifestyle
364,4.761904762,8.248,164.96,41.24,8.248,7.1,272-27-9238,Food and beverages
365,4.761904762,16.336,326.72,81.68,16.336,9.1,834-25-9262,Fashion accessories
366,4.761904762,23.094,461.88,51.32,23.094,5.6,122-61-9553,Electronic accessories
367,4.761904762,13.188,263.76,65.94,13.188,6.0,468-88-0009,Home and lifestyle
368,4.761904762,7.18,143.6,14.36,7.18,5.4,613-59-9758,Sports and travel
369,4.761904762,9.675,193.5,21.5,9.675,7.8,254-31-0042,Electronic accessories
370,4.761904762,9.191,183.82,26.26,9.191,9.9,201-86-2184,Electronic accessories
371,4.761904762,6.096,121.92,60.96,6.096,4.9,261-12-8671,Fashion accessories
372,4.761904762,21.033,420.66,70.11,21.033,5.2,730-70-9830,Home and lifestyle
373,4.761904762,12.624,252.48,42.08,12.624,8.9,382-25-8917,Fashion accessories
374,4.761904762,16.7725,335.45,67.09,16.7725,9.1,422-29-8786,Home and lifestyle
375,4.761904762,24.175,483.5,96.7,24.175,7.0,667-23-5919,Fashion accessories
376,4.761904762,15.921,318.42,35.38,15.921,9.6,843-01-4703,Home and lifestyle
377,4.761904762,33.4215,668.43,95.49,33.4215,8.7,743-88-1662,Sports and travel
378,4.761904762,19.396,387.92,96.98,19.396,9.4,595-86-2894,Fashion accessories
379,4.761904762,4.73,94.6,23.65,4.73,4.0,182-69-8360,Electronic accessories
380,4.761904762,16.466,329.32,82.33,16.466,7.5,289-15-7034,Sports and travel
381,4.761904762,2.661,53.22,26.61,2.661,4.2,462-78-5240,Electronic accessories
382,4.761904762,24.9225,498.45,99.69,24.9225,9.9,868-52-7573,Food and beverages
383,4.761904762,14.978,299.56,74.89,14.978,4.2,153-58-4872,Food and beverages
384,4.761904762,10.235,204.7,40.94,10.235,9.9,662-72-2873,Food and beverages
385,4.761904762,3.791,75.82,75.82,3.791,5.8,525-88-7307,Sports and travel
386,4.761904762,14.031,280.62,46.77,14.031,6.0,689-16-9784,Food and beverages
387,4.761904762,16.16,323.2,32.32,16.16,10.0,725-56-0833,Health and beauty
388,4.761904762,24.3315,486.63,54.07,24.3315,9.5,394-41-0748,Fashion accessories
389,4.761904762,6.377,127.54,18.22,6.377,6.6,596-42-3999,Food and beverages
390,4.761904762,12.072,241.44,80.48,12.072,8.1,541-89-9860,Fashion accessories
391,4.761904762,18.975,379.5,37.95,18.975,9.7,173-82-9529,Fashion accessories
392,4.761904762,3.841,76.82,76.82,3.841,7.2,563-36-9814,Electronic accessories
393,4.761904762,26.13,522.6,52.26,26.13,6.2,308-47-4913,Sports and travel
394,4.761904762,3.987,79.74,79.74,3.987,7.3,885-17-6250,Health and beauty
395,4.761904762,19.375,387.5,77.5,19.375,4.3,726-27-2396,Health and beauty
396,4.761904762,13.5675,271.35,54.27,13.5675,4.6,316-01-3952,Food and beverages
397,4.761904762,6.1155,122.31,13.59,6.1155,5.8,760-54-1821,Home and lifestyle
398,4.761904762,12.318,246.36,41.06,12.318,8.3,793-10-3222,Health and beauty
399,4.761904762,8.658,173.16,19.24,8.658,8.0,346-12-3257,Electronic accessories
400,4.761904762,11.829,236.58,39.43,11.829,9.4,110-05-6330,Food and beverages
401,4.761904762,9.244,184.88,46.22,9.244,6.2,651-61-0874,Home and lifestyle
402,4.761904762,0.699,13.98,13.98,0.699,9.8,236-86-3015,Home and lifestyle
403,4.761904762,9.9375,198.75,39.75,9.9375,9.6,831-64-0259,Fashion accessories
404,4.761904762,34.2265,684.53,97.79,34.2265,4.9,587-03-7455,Fashion accessories
405,4.761904762,13.452,269.04,67.26,13.452,8.0,882-40-4577,Sports and travel
406,4.761904762,3.4475,68.95,13.79,3.4475,7.8,732-67-5346,Food and beverages
407,4.761904762,13.742,274.84,68.71,13.742,4.1,725-32-9708,Fashion accessories
408,4.761904762,11.306,226.12,56.53,11.306,5.5,256-08-8343,Home and lifestyle
409,4.761904762,5.955,119.1,23.82,5.955,5.4,372-26-1506,Fashion accessories
410,4.761904762,17.105,342.1,34.21,17.105,5.1,244-08-0162,Health and beauty
411,4.761904762,2.187,43.74,21.87,2.187,6.9,569-71-4390,Sports and travel
412,4.761904762,5.2425,104.85,20.97,5.2425,7.8,132-23-6451,Health and beauty
413,4.761904762,3.876,77.52,25.84,3.876,6.6,696-90-2548,Sports and travel
414,4.761904762,20.372,407.44,50.93,20.372,9.2,472-15-9636,Home and lifestyle
415,4.761904762,4.8055,96.11,96.11,4.8055,7.8,268-03-6164,Health and beauty
416,4.761904762,9.076,181.52,45.38,9.076,8.7,750-57-9686,Home and lifestyle
417,4.761904762,4.0755,81.51,81.51,4.0755,9.2,186-09-3669,Health and beauty
418,4.761904762,5.722,114.44,57.22,5.722,8.3,848-07-1692,Health and beauty
419,4.761904762,8.827,176.54,25.22,8.827,8.2,745-71-3520,Electronic accessories
420,4.761904762,5.79,115.8,38.6,5.79,7.5,266-76-6436,Food and beverages
421,4.761904762,12.6075,252.15,84.05,12.6075,9.8,740-22-2500,Electronic accessories
422,4.761904762,48.605,972.1,97.21,48.605,8.7,271-88-8734,Fashion accessories
423,4.761904762,10.168,203.36,25.42,10.168,6.7,301-81-8610,Fashion accessories
424,4.761904762,0.814,16.28,16.28,0.814,5.0,489-64-4354,Fashion accessories
425,4.761904762,18.2745,365.49,40.61,18.2745,7.0,198-84-7132,Fashion accessories
426,4.761904762,18.6095,372.19,53.17,18.6095,8.9,269-10-8440,Health and beauty
427,4.761904762,3.1305,62.61,20.87,3.1305,8.0,650-98-6268,Food and beverages
428,4.761904762,16.8175,336.35,67.27,16.8175,6.9,741-73-3559,Sports and travel
429,4.761904762,45.325,906.5,90.65,45.325,7.3,325-77-6186,Home and lifestyle
430,4.761904762,6.908,138.16,69.08,6.908,6.9,286-75-7818,Fashion accessories
431,4.761904762,4.327,86.54,43.27,4.327,5.7,574-57-9721,Food and beverages
432,4.761904762,7.038,140.76,23.46,7.038,6.4,459-50-7686,Electronic accessories
433,4.761904762,33.439,668.78,95.54,33.439,9.6,616-87-0016,Fashion accessories
434,4.761904762,2.372,47.44,47.44,2.372,6.8,837-55-7229,Fashion accessories
435,4.761904762,44.658,893.16,99.24,44.658,9.0,751-69-0068,Sports and travel
436,4.761904762,16.586,331.72,82.93,16.586,9.6,257-73-1380,Sports and travel
437,4.761904762,10.197,203.94,33.99,10.197,7.7,345-08-4992,Home and lifestyle
438,4.761904762,3.408,68.16,17.04,3.408,7.0,549-96-4200,Food and beverages
439,4.761904762,16.344,326.88,40.86,16.344,6.5,810-60-6344,Electronic accessories
440,4.761904762,4.36,87.2,17.44,4.36,8.1,450-28-2866,Food and beverages
441,4.761904762,35.372,707.44,88.43,35.372,4.3,394-30-3170,Sports and travel
442,4.761904762,40.1445,802.89,89.21,40.1445,6.5,138-17-5109,Home and lifestyle
443,4.761904762,0.639,12.78,12.78,0.639,9.5,192-98-7397,Fashion accessories
444,4.761904762,6.685,133.7,19.1,6.685,9.7,301-11-9629,Sports and travel
445,4.761904762,0.9575,19.15,19.15,0.9575,9.5,390-80-5128,Health and beauty
446,4.761904762,13.83,276.6,27.66,13.83,8.9,235-46-8343,Food and beverages
447,4.761904762,6.861,137.22,45.74,6.861,6.5,453-12-7053,Fashion accessories
448,4.761904762,1.3535,27.07,27.07,1.3535,5.3,296-11-7041,Health and beauty
449,4.761904762,1.956,39.12,39.12,1.956,9.6,449-27-2918,Sports and travel
450,4.761904762,22.413,448.26,74.71,22.413,6.7,891-01-7034,Electronic accessories
451,4.761904762,6.603,132.06,22.01,6.603,7.6,744-09-5786,Electronic accessories
452,4.761904762,15.9025,318.05,63.61,15.9025,4.8,727-17-0390,Food and beverages
453,4.761904762,1.25,25.0,25.0,1.25,5.5,568-88-3448,Health and beauty
454,4.761904762,4.154,83.08,20.77,4.154,4.7,187-83-5490,Electronic accessories
455,4.761904762,7.39,147.8,29.56,7.39,6.9,767-54-1907,Fashion accessories
456,4.761904762,34.83,696.6,77.4,34.83,4.5,710-46-4433,Food and beverages
457,4.761904762,39.695,793.9,79.39,39.695,6.2,533-33-5337,Electronic accessories
458,4.761904762,23.285,465.7,46.57,23.285,7.6,325-90-8763,Electronic accessories
459,4.761904762,1.7945,35.89,35.89,1.7945,7.9,729-46-7422,Food and beverages
460,4.761904762,10.13,202.6,40.52,10.13,4.5,639-76-1242,Food and beverages
461,4.761904762,36.525,730.5,73.05,36.525,8.7,234-03-4040,Food and beverages
462,4.761904762,14.79,295.8,73.95,14.79,6.1,326-71-2155,Sports and travel
463,4.761904762,1.131,22.62,22.62,1.131,6.4,320-32-8842,Food and beverages
464,4.761904762,12.835,256.7,51.34,12.835,9.1,470-32-9057,Food and beverages
465,4.761904762,27.275,545.5,54.55,27.275,7.1,878-30-2331,Sports and travel
466,4.761904762,13.0025,260.05,37.15,13.0025,7.7,440-59-5691,Health and beauty
467,4.761904762,11.106,222.12,37.02,11.106,4.5,554-53-3790,Sports and travel
468,4.761904762,1.079,21.58,21.58,1.079,7.2,746-19-0921,Food and beverages
469,4.761904762,4.942,98.84,98.84,4.942,8.4,233-34-0817,Electronic accessories
470,4.761904762,25.131,502.62,83.77,25.131,5.4,767-05-1286,Home and lifestyle
471,4.761904762,8.01,160.2,40.05,8.01,9.7,340-21-9136,Sports and travel
472,4.761904762,21.565,431.3,43.13,21.565,5.5,405-31-3305,Fashion accessories
473,4.761904762,29.028,580.56,72.57,29.028,4.6,731-59-7531,Health and beauty
474,4.761904762,16.11,322.2,64.44,16.11,6.6,676-39-6028,Electronic accessories
475,4.761904762,9.777,195.54,65.18,9.777,6.3,502-05-1910,Health and beauty
476,4.761904762,8.315,166.3,33.26,8.315,4.2,485-30-8700,Sports and travel
477,4.761904762,16.814,336.28,84.07,16.814,4.4,598-47-9715,Electronic accessories
478,4.761904762,17.185,343.7,34.37,17.185,6.7,701-69-8742,Sports and travel
479,4.761904762,1.93,38.6,38.6,1.93,6.7,575-67-1508,Electronic accessories
480,4.761904762,26.388,527.76,65.97,26.388,8.4,541-08-3113,Food and beverages
481,4.761904762,16.4,328.0,32.8,16.4,6.2,246-11-3901,Electronic accessories
482,4.761904762,9.285,185.7,37.14,9.285,5.0,674-15-9296,Sports and travel
483,4.761904762,30.19,603.8,60.38,30.19,6.0,305-18-3552,Home and lifestyle
484,4.761904762,18.49,369.8,36.98,18.49,7.0,493-65-6248,Sports and travel
485,4.761904762,9.898,197.96,49.49,9.898,6.6,438-01-4015,Sports and travel
486,4.761904762,20.545,410.9,41.09,20.545,7.3,709-58-4068,Fashion accessories
487,4.761904762,7.43,148.6,37.15,7.43,8.3,795-49-7276,Fashion accessories
488,4.761904762,1.148,22.96,22.96,1.148,4.3,556-72-8512,Home and lifestyle
489,4.761904762,34.956,699.12,77.68,34.956,9.8,627-95-3243,Home and lifestyle
490,4.761904762,3.47,69.4,34.7,3.47,8.2,686-41-0932,Fashion accessories
491,4.761904762,9.83,196.6,19.66,9.83,7.2,510-09-5628,Fashion accessories
492,4.761904762,10.128,202.56,25.32,10.128,8.7,608-04-3797,Health and beauty
493,4.761904762,6.06,121.2,12.12,6.06,8.4,148-82-2527,Home and lifestyle
494,4.761904762,9.989,199.78,99.89,9.989,7.1,437-53-3084,Fashion accessories
495,4.761904762,30.368,607.36,75.92,30.368,5.5,632-32-4574,Sports and travel
496,4.761904762,6.322,126.44,63.22,6.322,8.5,556-97-7101,Electronic accessories
497,4.761904762,27.072,541.44,90.24,27.072,6.2,862-59-8517,Food and beverages
498,4.761904762,4.9065,98.13,98.13,4.9065,8.9,401-18-8016,Sports and travel
499,4.761904762,20.608,412.16,51.52,20.608,9.6,420-18-8989,Sports and travel
500,4.761904762,3.6985,73.97,73.97,3.6985,5.4,277-63-2961,Sports and travel
501,4.761904762,1.595,31.9,31.9,1.595,9.1,573-98-8548,Fashion accessories
502,4.761904762,6.94,138.8,69.4,6.94,9.0,620-02-2046,Home and lifestyle
503,4.761904762,9.331,186.62,93.31,9.331,6.3,282-35-2475,Sports and travel
504,4.761904762,4.4225,88.45,88.45,4.4225,9.5,511-54-3087,Sports and travel
505,4.761904762,9.672,193.44,24.18,9.672,9.8,726-29-6793,Electronic accessories
506,4.761904762,7.275,145.5,48.5,7.275,6.7,387-49-4215,Sports and travel
507,4.761904762,25.215,504.3,84.05,25.215,7.7,862-17-9201,Food and beverages
508,4.761904762,15.3225,306.45,61.29,15.3225,7.0,291-21-5991,Health and beauty
509,4.761904762,4.785,95.7,15.95,4.785,5.1,602-80-9671,Home and lifestyle
510,4.761904762,31.759,635.18,90.74,31.759,6.2,347-72-6115,Sports and travel
511,4.761904762,10.7275,214.55,42.91,10.7275,6.1,209-61-0206,Home and lifestyle
512,4.761904762,18.998,379.96,54.28,18.998,9.3,595-27-4851,Fashion accessories
513,4.761904762,34.8425,696.85,99.55,34.8425,7.6,189-52-0236,Electronic accessories
514,4.761904762,20.4365,408.73,58.39,20.4365,8.2,503-07-0930,Sports and travel
515,4.761904762,2.5735,51.47,51.47,2.5735,8.5,413-20-6708,Fashion accessories
516,4.761904762,13.715,274.3,54.86,13.715,9.8,425-85-2085,Health and beauty
517,4.761904762,9.8475,196.95,39.39,9.8475,8.7,521-18-7827,Home and lifestyle
518,4.761904762,3.473,69.46,34.73,3.473,9.7,220-28-1851,Home and lifestyle
519,4.761904762,17.98,359.6,71.92,17.98,4.3,600-38-9738,Sports and travel
520,4.761904762,6.8565,137.13,45.71,6.8565,7.7,734-91-1155,Electronic accessories
521,4.761904762,24.951,499.02,83.17,24.951,7.3,451-28-5717,Home and lifestyle
522,4.761904762,11.232,224.64,37.44,11.232,5.9,609-81-8548,Home and lifestyle
523,4.761904762,6.287,125.74,62.87,6.287,5.0,133-14-7229,Health and beauty
524,4.761904762,24.513,490.26,81.71,24.513,8.0,534-01-4457,Food and beverages
525,4.761904762,22.8525,457.05,91.41,22.8525,7.1,719-89-8991,Sports and travel
526,4.761904762,7.842,156.84,39.21,7.842,9.0,286-62-6248,Fashion accessories
527,4.761904762,5.986,119.72,59.86,5.986,6.7,339-38-9982,Fashion accessories
528,4.761904762,27.18,543.6,54.36,27.18,6.1,827-44-5872,Food and beverages
529,4.761904762,44.1405,882.81,98.09,44.1405,9.3,827-77-7633,Sports and travel
530,4.761904762,7.629,152.58,25.43,7.629,7.0,287-83-1405,Health and beauty
531,4.761904762,34.672,693.44,86.68,34.672,7.2,435-13-4908,Fashion accessories
532,4.761904762,11.475,229.5,22.95,11.475,8.2,857-67-9057,Electronic accessories
533,4.761904762,7.3395,146.79,16.31,7.3395,8.4,236-27-1144,Food and beverages
534,4.761904762,7.08,141.6,28.32,7.08,6.2,892-05-6689,Home and lifestyle
535,4.761904762,5.8345,116.69,16.67,5.8345,7.4,583-41-4548,Home and lifestyle
536,4.761904762,3.698,73.96,73.96,3.698,5.0,339-12-4827,Fashion accessories
537,4.761904762,4.897,97.94,97.94,4.897,6.9,643-38-7867,Home and lifestyle
538,4.761904762,14.61,292.2,73.05,14.61,4.9,308-81-0538,Fashion accessories
539,4.761904762,26.244,524.88,87.48,26.244,5.1,358-88-9262,Food and beverages
540,4.761904762,4.602,92.04,30.68,4.602,9.1,460-35-4390,Home and lifestyle
541,4.761904762,3.794,75.88,75.88,3.794,7.1,343-87-0864,Health and beauty
542,4.761904762,4.036,80.72,20.18,4.036,5.0,173-50-1108,Sports and travel
543,4.761904762,5.631,112.62,18.77,5.631,5.5,243-47-2663,Electronic accessories
544,4.761904762,3.56,71.2,71.2,3.56,9.2,841-18-8232,Food and beverages
545,4.761904762,7.762,155.24,38.81,7.762,4.9,701-23-5550,Home and lifestyle
546,4.761904762,14.71,294.2,29.42,14.71,8.9,647-50-1224,Fashion accessories
547,4.761904762,27.4275,548.55,60.95,27.4275,6.0,541-48-8554,Sports and travel
548,4.761904762,12.885,257.7,51.54,12.885,4.2,539-21-7227,Sports and travel
549,4.761904762,19.818,396.36,66.06,19.818,7.3,213-32-1216,Electronic accessories
550,4.761904762,8.5905,171.81,57.27,8.5905,6.5,747-58-7183,Fashion accessories
551,4.761904762,24.4395,488.79,54.31,24.4395,8.9,582-52-8065,Fashion accessories
552,4.761904762,26.208,524.16,58.24,26.208,9.7,210-57-1719,Health and beauty
553,4.761904762,6.663,133.26,22.21,6.663,8.6,399-69-4630,Electronic accessories
554,4.761904762,6.762,135.24,19.32,6.762,6.9,134-75-2619,Electronic accessories
555,4.761904762,5.622,112.44,37.48,5.622,7.7,356-44-8813,Home and lifestyle
556,4.761904762,7.204,144.08,72.04,7.204,9.5,198-66-9832,Fashion accessories
557,4.761904762,49.26,985.2,98.52,49.26,4.5,283-26-5248,Food and beverages
558,4.761904762,12.498,249.96,41.66,12.498,5.6,712-39-0363,Food and beverages
559,4.761904762,10.863,217.26,72.42,10.863,8.2,218-59-9410,Home and lifestyle
560,4.761904762,9.711,194.22,21.58,9.711,7.3,174-75-0888,Electronic accessories
561,4.761904762,44.6,892.0,89.2,44.6,4.4,866-99-7614,Food and beverages
562,4.761904762,16.968,339.36,42.42,16.968,5.7,134-54-4720,Electronic accessories
563,4.761904762,22.353,447.06,74.51,22.353,5.0,760-90-2357,Electronic accessories
564,4.761904762,9.925,198.5,99.25,9.925,9.0,514-37-2845,Fashion accessories
565,4.761904762,40.605,812.1,81.21,40.605,6.3,698-98-5964,Food and beverages
566,4.761904762,24.665,493.3,49.33,24.665,9.4,718-57-9773,Sports and travel
567,4.761904762,29.583,591.66,65.74,29.583,7.7,651-88-7328,Fashion accessories
568,4.761904762,27.951,559.02,79.86,27.951,5.5,241-11-2261,Fashion accessories
569,4.761904762,25.893,517.86,73.98,25.893,4.1,408-26-9866,Sports and travel
570,4.761904762,20.51,410.2,82.04,20.51,7.6,834-83-1826,Home and lifestyle
571,4.761904762,13.335,266.7,26.67,13.335,8.6,343-61-3544,Sports and travel
572,4.761904762,3.5455,70.91,10.13,3.5455,8.3,239-48-4278,Food and beverages
573,4.761904762,7.239,144.78,72.39,7.239,8.1,355-34-6244,Food and beverages
574,4.761904762,21.4775,429.55,85.91,21.4775,8.6,550-84-8664,Sports and travel
575,4.761904762,28.4585,569.17,81.31,28.4585,6.3,339-96-8318,Fashion accessories
576,4.761904762,12.06,241.2,60.3,12.06,5.8,458-61-0011,Food and beverages
577,4.761904762,6.354,127.08,31.77,6.354,6.2,592-34-6155,Food and beverages
578,4.761904762,12.854,257.08,64.27,12.854,7.7,797-88-0493,Health and beauty
579,4.761904762,6.951,139.02,69.51,6.951,8.1,207-73-1363,Health and beauty
580,4.761904762,4.083,81.66,27.22,4.083,7.3,390-31-6381,Food and beverages
581,4.761904762,15.536,310.72,77.68,15.536,8.4,443-82-0585,Health and beauty
582,4.761904762,9.298,185.96,92.98,9.298,8.0,339-18-7061,Fashion accessories
583,4.761904762,3.616,72.32,18.08,3.616,9.5,359-90-3665,Fashion accessories
584,4.761904762,9.459,189.18,63.06,9.459,7.0,375-72-3056,Sports and travel
585,4.761904762,10.342,206.84,51.71,10.342,9.8,127-47-6963,Health and beauty
586,4.761904762,7.851,157.02,52.34,7.851,9.2,278-86-2735,Food and beverages
587,4.761904762,10.765,215.3,43.06,10.765,7.7,695-28-6250,Sports and travel
588,4.761904762,29.805,596.1,59.61,29.805,5.3,379-17-6588,Fashion accessories
589,4.761904762,3.655,73.1,14.62,3.655,4.4,227-50-3718,Health and beauty
590,4.761904762,13.959,279.18,46.53,13.959,4.3,302-15-2162,Health and beauty
591,4.761904762,8.484,169.68,24.24,8.484,9.4,788-07-8452,Home and lifestyle
592,4.761904762,2.279,45.58,45.58,2.279,9.8,560-49-6611,Sports and travel
593,4.761904762,11.28,225.6,75.2,11.28,4.8,880-35-0356,Sports and travel
594,4.761904762,14.52,290.4,96.8,14.52,5.3,585-11-6748,Sports and travel
595,4.761904762,2.223,44.46,14.82,2.223,8.7,470-31-3286,Health and beauty
596,4.761904762,7.83,156.6,52.2,7.83,9.5,152-68-2907,Food and beverages
597,4.761904762,20.997,419.94,46.66,20.997,5.3,123-35-4896,Sports and travel
598,4.761904762,9.2125,184.25,36.85,9.2125,9.2,258-69-7810,Fashion accessories
599,4.761904762,7.032,140.64,70.32,7.032,9.6,334-64-2006,Home and lifestyle
600,4.761904762,4.154,83.08,83.08,4.154,6.4,219-61-4139,Electronic accessories
601,4.761904762,3.2495,64.99,64.99,3.2495,4.5,881-41-7302,Fashion accessories
602,4.761904762,38.78,775.6,77.56,38.78,6.9,373-09-4567,Food and beverages
603,4.761904762,16.353,327.06,54.51,16.353,7.8,642-30-6693,Sports and travel
604,4.761904762,18.1615,363.23,51.89,18.1615,4.5,484-22-8230,Fashion accessories
605,4.761904762,6.35,127.0,31.75,6.35,8.6,830-58-2383,Home and lifestyle
606,4.761904762,18.7775,375.55,53.65,18.7775,5.2,559-98-9873,Fashion accessories
607,4.761904762,9.958,199.16,49.79,9.958,6.4,544-32-5024,Food and beverages
608,4.761904762,1.5305,30.61,30.61,1.5305,5.2,318-12-0304,Fashion accessories
609,4.761904762,5.789,115.78,57.89,5.789,8.9,349-97-8902,Food and beverages
610,4.761904762,1.448,28.96,28.96,1.448,6.2,421-95-9805,Electronic accessories
611,4.761904762,44.5365,890.73,98.97,44.5365,6.7,277-35-5865,Food and beverages
612,4.761904762,13.983,279.66,93.22,13.983,7.2,789-23-8625,Fashion accessories
613,4.761904762,4.0465,80.93,80.93,4.0465,9.0,284-54-4231,Sports and travel
614,4.761904762,33.725,674.5,67.45,33.725,4.2,443-59-0061,Food and beverages
615,4.761904762,17.424,348.48,38.72,17.424,4.2,509-29-3912,Sports and travel
616,4.761904762,21.78,435.6,72.6,21.78,6.9,327-40-9673,Sports and travel
617,4.761904762,21.9775,439.55,87.91,21.9775,4.4,840-19-2096,Electronic accessories
618,4.761904762,29.559,591.18,98.53,29.559,4.0,828-46-6863,Food and beverages
619,4.761904762,13.038,260.76,43.46,13.038,8.5,641-96-3695,Fashion accessories
620,4.761904762,10.752,215.04,71.68,10.752,9.2,420-97-3340,Food and beverages
621,4.761904762,4.5805,91.61,91.61,4.5805,9.8,436-54-4512,Food and beverages
622,4.761904762,33.1065,662.13,94.59,33.1065,4.9,670-79-6321,Home and lifestyle
623,4.761904762,41.625,832.5,83.25,41.625,4.4,852-62-7105,Fashion accessories
624,4.761904762,4.5675,91.35,91.35,4.5675,6.8,598-06-7312,Fashion accessories
625,4.761904762,7.888,157.76,78.88,7.888,9.1,135-13-8269,Food and beverages
626,4.761904762,6.087,121.74,60.87,6.087,8.7,816-57-2053,Sports and travel
627,4.761904762,41.29,825.8,82.58,41.29,5.0,628-90-8624,Health and beauty
628,4.761904762,7.995,159.9,53.3,7.995,7.5,856-66-2701,Home and lifestyle
629,4.761904762,0.6045,12.09,12.09,0.6045,8.2,308-39-1707,Fashion accessories
630,4.761904762,32.095,641.9,64.19,32.095,6.7,149-61-1929,Sports and travel
631,4.761904762,11.7465,234.93,78.31,11.7465,5.4,655-07-2265,Electronic accessories
632,4.761904762,8.377,167.54,83.77,8.377,7.0,589-02-8023,Food and beverages
633,4.761904762,14.955,299.1,99.7,14.955,4.7,420-04-7590,Home and lifestyle
634,4.761904762,11.9865,239.73,79.91,11.9865,5.0,182-88-2763,Food and beverages
635,4.761904762,33.235,664.7,66.47,33.235,5.0,188-55-0967,Health and beauty
636,4.761904762,10.1325,202.65,28.95,10.1325,6.0,610-46-4100,Health and beauty
637,4.761904762,2.31,46.2,46.2,2.31,6.3,318-81-2368,Electronic accessories
638,4.761904762,4.4075,88.15,17.63,4.4075,8.5,364-33-8584,Food and beverages
639,4.761904762,7.863,157.26,52.42,7.863,7.5,665-63-9737,Fashion accessories
640,4.761904762,14.8185,296.37,98.79,14.8185,6.4,695-09-5146,Food and beverages
641,4.761904762,35.42,708.4,88.55,35.42,4.7,155-45-3814,Electronic accessories
642,4.761904762,5.567,111.34,55.67,5.567,6.0,794-32-2436,Electronic accessories
643,4.761904762,29.008,580.16,72.52,29.008,4.0,131-15-8856,Food and beverages
644,4.761904762,3.0125,60.25,12.05,3.0125,5.5,273-84-2164,Electronic accessories
645,4.761904762,8.712,174.24,19.36,8.712,8.7,706-36-6154,Home and lifestyle
646,4.761904762,21.063,421.26,70.21,21.063,7.4,778-89-7974,Health and beauty
647,4.761904762,1.6815,33.63,33.63,1.6815,5.6,574-31-8277,Fashion accessories
648,4.761904762,1.549,30.98,15.49,1.549,6.3,859-71-0933,Sports and travel
649,4.761904762,12.37,247.4,24.74,12.37,7.1,740-11-5257,Electronic accessories
650,4.761904762,18.915,378.3,75.66,18.915,7.8,369-82-2676,Electronic accessories
651,4.761904762,16.743,334.86,55.81,16.743,9.9,563-47-4072,Health and beauty
652,4.761904762,36.39,727.8,72.78,36.39,7.3,742-04-5161,Home and lifestyle
653,4.761904762,16.794,335.88,37.32,16.794,5.1,149-15-7606,Sports and travel
654,4.761904762,12.036,240.72,60.18,12.036,9.4,133-77-3154,Fashion accessories
655,4.761904762,2.3535,47.07,15.69,2.3535,5.8,169-52-4504,Electronic accessories
656,4.761904762,4.9845,99.69,99.69,4.9845,8.0,250-81-7186,Electronic accessories
657,4.761904762,13.2225,264.45,88.15,13.2225,7.9,562-12-5430,Fashion accessories
658,4.761904762,6.9825,139.65,27.93,6.9825,5.9,816-72-8853,Sports and travel
659,4.761904762,2.7725,55.45,55.45,2.7725,4.9,491-38-3499,Fashion accessories
660,4.761904762,6.4455,128.91,42.97,6.4455,9.3,322-02-2271,Sports and travel
661,4.761904762,5.999,119.98,17.14,5.999,7.9,842-29-4695,Sports and travel
662,4.761904762,17.625,352.5,58.75,17.625,5.9,725-67-2480,Fashion accessories
663,4.761904762,43.55,871.0,87.1,43.55,9.9,641-51-2661,Food and beverages
664,4.761904762,9.88,197.6,98.8,9.88,7.7,714-02-3114,Sports and travel
665,4.761904762,9.726,194.52,48.63,9.726,7.6,518-17-2983,Fashion accessories
666,4.761904762,8.661,173.22,57.74,8.661,7.7,779-42-2410,Food and beverages
667,4.761904762,3.594,71.88,17.97,3.594,6.4,190-14-3147,Health and beauty
668,4.761904762,14.313,286.26,47.71,14.313,4.4,408-66-6712,Health and beauty
669,4.761904762,4.062,81.24,40.62,4.062,4.1,679-22-6530,Sports and travel
670,4.761904762,28.02,560.4,56.04,28.02,4.4,588-47-8641,Fashion accessories
671,4.761904762,9.34,186.8,93.4,9.34,5.5,642-61-4706,Food and beverages
672,4.761904762,11.0115,220.23,73.41,11.0115,4.0,576-31-4774,Health and beauty
673,4.761904762,13.456,269.12,33.64,13.456,9.3,556-41-6224,Health and beauty
674,4.761904762,22.74,454.8,45.48,22.74,4.8,811-03-8790,Electronic accessories
675,4.761904762,8.377,167.54,83.77,8.377,4.6,242-11-3142,Fashion accessories
676,4.761904762,22.428,448.56,64.08,22.428,7.3,752-23-3760,Sports and travel
677,4.761904762,14.694,293.88,73.47,14.694,6.0,274-05-5470,Food and beverages
678,4.761904762,29.475,589.5,58.95,29.475,8.1,648-94-3045,Health and beauty
679,4.761904762,14.55,291.0,48.5,14.55,9.4,130-67-4723,Food and beverages
680,4.761904762,1.974,39.48,39.48,1.974,6.5,528-87-5606,Electronic accessories
681,4.761904762,1.7405,34.81,34.81,1.7405,7.0,320-85-2052,Sports and travel
682,4.761904762,14.796,295.92,49.32,14.796,7.1,370-96-0655,Fashion accessories
683,4.761904762,2.148,42.96,21.48,2.148,6.6,105-10-6182,Fashion accessories
684,4.761904762,6.924,138.48,23.08,6.924,4.9,510-79-0415,Sports and travel
685,4.761904762,4.91,98.2,49.1,4.91,6.4,241-96-5076,Home and lifestyle
686,4.761904762,6.483,129.66,64.83,6.483,8.0,767-97-4650,Sports and travel
687,4.761904762,31.78,635.6,63.56,31.78,4.3,648-83-1321,Home and lifestyle
688,4.761904762,7.288,145.76,72.88,7.288,6.1,173-57-2300,Sports and travel
689,4.761904762,10.065,201.3,67.1,10.065,7.5,305-03-2383,Food and beverages
690,4.761904762,31.5855,631.71,70.19,31.5855,6.7,394-55-6384,Sports and travel
691,4.761904762,19.264,385.28,55.04,19.264,5.2,266-20-6657,Food and beverages
692,4.761904762,24.315,486.3,48.63,24.315,8.8,689-05-1884,Health and beauty
693,4.761904762,25.683,513.66,73.38,25.683,9.5,196-01-2849,Fashion accessories
694,4.761904762,23.67,473.4,52.6,23.67,7.6,372-62-5264,Food and beverages
695,4.761904762,21.8425,436.85,87.37,21.8425,6.6,800-09-8606,Home and lifestyle
696,4.761904762,5.408,108.16,27.04,5.408,6.9,182-52-7000,Sports and travel
697,4.761904762,12.438,248.76,62.19,12.438,4.3,826-58-8051,Home and lifestyle
698,4.761904762,31.311,626.22,69.58,31.311,7.8,868-06-0466,Electronic accessories
699,4.761904762,48.75,975.0,97.5,48.75,8.0,751-41-9720,Home and lifestyle
700,4.761904762,24.164,483.28,60.41,24.164,9.6,626-43-7888,Fashion accessories
701,4.761904762,4.848,96.96,32.32,4.848,4.3,176-64-7711,Food and beverages
702,4.761904762,9.885,197.7,19.77,9.885,5.0,191-29-0321,Fashion accessories
703,4.761904762,36.2115,724.23,80.47,36.2115,9.2,729-06-2010,Health and beauty
704,4.761904762,39.7755,795.51,88.39,39.7755,6.3,640-48-5028,Home and lifestyle
705,4.761904762,25.1195,502.39,71.77,25.1195,8.9,186-79-9562,Health and beauty
706,4.761904762,8.6,172.0,43.0,8.6,7.6,834-45-5519,Electronic accessories
707,4.761904762,3.449,68.98,68.98,3.449,4.8,162-65-8559,Food and beverages
708,4.761904762,6.248,124.96,15.62,6.248,9.1,760-27-5490,Fashion accessories
709,4.761904762,3.855,77.1,25.7,3.855,6.1,445-30-9252,Sports and travel
710,4.761904762,24.186,483.72,80.62,24.186,9.1,786-94-2700,Food and beverages
711,4.761904762,15.106,302.12,75.53,15.106,8.3,728-88-7867,Home and lifestyle
712,4.761904762,34.9335,698.67,77.63,34.9335,7.2,183-21-3799,Electronic accessories
713,4.761904762,6.2325,124.65,13.85,6.2325,6.0,268-20-3585,Health and beauty
714,4.761904762,39.48,789.6,98.7,39.48,8.5,735-32-9839,Fashion accessories
715,4.761904762,8.92,178.4,35.68,8.92,6.6,258-92-7466,Health and beauty
716,4.761904762,25.011,500.22,71.46,25.011,4.5,857-16-3520,Fashion accessories
717,4.761904762,1.791,35.82,11.94,1.791,8.1,482-17-1179,Electronic accessories
718,4.761904762,6.807,136.14,45.38,6.807,7.2,788-21-5741,Fashion accessories
719,4.761904762,5.244,104.88,17.48,5.244,6.1,821-14-9046,Fashion accessories
720,4.761904762,8.946,178.92,25.56,8.946,7.1,418-05-0656,Fashion accessories
721,4.761904762,40.7835,815.67,90.63,40.7835,5.1,678-79-0726,Sports and travel
722,4.761904762,6.618,132.36,44.12,6.618,7.9,776-68-1096,Home and lifestyle
723,4.761904762,12.8695,257.39,36.77,12.8695,7.4,592-46-1692,Food and beverages
724,4.761904762,4.668,93.36,23.34,4.668,7.4,434-35-9162,Food and beverages
725,4.761904762,11.4,228.0,28.5,11.4,6.6,149-14-0304,Health and beauty
726,4.761904762,8.3355,166.71,55.57,8.3355,5.9,442-44-6497,Home and lifestyle
727,4.761904762,34.87,697.4,69.74,34.87,8.9,174-64-0215,Sports and travel
728,4.761904762,19.452,389.04,97.26,19.452,6.8,210-74-9613,Fashion accessories
729,4.761904762,18.263,365.26,52.18,18.263,9.3,299-29-0180,Home and lifestyle
730,4.761904762,4.464,89.28,22.32,4.464,4.4,247-11-2470,Fashion accessories
731,4.761904762,8.4,168.0,56.0,8.4,4.8,635-28-5728,Health and beauty
732,4.761904762,0.985,19.7,19.7,0.985,9.5,756-49-0168,Fashion accessories
733,4.761904762,26.558,531.16,75.88,26.558,8.9,438-23-1242,Electronic accessories
734,4.761904762,2.686,53.72,53.72,2.686,6.4,238-45-6950,Food and beverages
735,4.761904762,40.975,819.5,81.95,40.975,6.0,607-65-2441,Health and beauty
736,4.761904762,28.42,568.4,81.2,28.42,8.1,386-27-7606,Home and lifestyle
737,4.761904762,29.38,587.6,58.76,29.38,9.0,137-63-5492,Electronic accessories
738,4.761904762,36.624,732.48,91.56,36.624,6.0,197-77-7132,Electronic accessories
739,4.761904762,42.282,845.64,93.96,42.282,9.8,805-86-0265,Home and lifestyle
740,4.761904762,19.4635,389.27,55.61,19.4635,8.5,733-29-1227,Home and lifestyle
741,4.761904762,4.2415,84.83,84.83,4.2415,8.8,451-73-2711,Food and beverages
742,4.761904762,7.163,143.26,71.63,7.163,8.8,373-14-0504,Sports and travel
743,4.761904762,3.769,75.38,37.69,3.769,9.5,546-80-2899,Home and lifestyle
744,4.761904762,12.668,253.36,31.67,12.668,5.6,345-68-9016,Sports and travel
745,4.761904762,1.921,38.42,38.42,1.921,8.6,390-17-5806,Food and beverages
746,4.761904762,32.615,652.3,65.23,32.615,5.2,457-13-1708,Fashion accessories
747,4.761904762,2.6325,52.65,10.53,2.6325,5.8,664-14-2882,Home and lifestyle
748,4.761904762,5.5305,110.61,12.29,5.5305,8.0,487-79-6868,Home and lifestyle
749,4.761904762,28.4305,568.61,81.23,28.4305,9.0,314-23-4520,Health and beauty
750,4.761904762,4.464,89.28,22.32,4.464,4.1,210-30-7976,Fashion accessories
751,4.761904762,6.82,136.4,27.28,6.82,8.6,585-86-8361,Food and beverages
752,4.761904762,8.71,174.2,17.42,8.71,7.0,807-14-7833,Electronic accessories
753,4.761904762,18.32,366.4,73.28,18.32,8.4,775-72-1988,Home and lifestyle
754,4.761904762,12.7305,254.61,84.87,12.7305,7.4,288-38-3758,Fashion accessories
755,4.761904762,38.916,778.32,97.29,38.916,6.2,652-43-6591,Fashion accessories
756,4.761904762,14.296,285.92,35.74,14.296,4.9,785-96-0615,Electronic accessories
757,4.761904762,28.956,579.12,96.52,28.956,4.5,406-46-7107,Home and lifestyle
758,4.761904762,9.425,188.5,18.85,9.425,5.6,250-17-5703,Food and beverages
759,4.761904762,11.078,221.56,55.39,11.078,8.0,156-95-3964,Food and beverages
760,4.761904762,38.6,772.0,77.2,38.6,5.6,842-40-8179,Food and beverages
761,4.761904762,36.065,721.3,72.13,36.065,4.2,525-09-8450,Electronic accessories
762,4.761904762,25.552,511.04,63.88,25.552,9.9,410-67-1709,Fashion accessories
763,4.761904762,2.6725,53.45,10.69,2.6725,7.6,587-73-4862,Health and beauty
764,4.761904762,11.1,222.0,55.5,11.1,6.6,787-87-2010,Health and beauty
765,4.761904762,38.184,763.68,95.46,38.184,4.7,593-14-4239,Home and lifestyle
766,4.761904762,11.409,228.18,76.06,11.409,9.8,801-88-0346,Fashion accessories
767,4.761904762,4.107,82.14,13.69,4.107,6.3,388-76-2555,Sports and travel
768,4.761904762,19.128,382.56,95.64,19.128,7.9,711-31-1234,Electronic accessories
769,4.761904762,3.429,68.58,11.43,3.429,7.7,886-54-6089,Home and lifestyle
770,4.761904762,19.108,382.16,95.54,19.108,4.5,707-32-7409,Sports and travel
771,4.761904762,30.0545,601.09,85.87,30.0545,8.0,759-98-4285,Health and beauty
772,4.761904762,23.7965,475.93,67.99,23.7965,5.7,201-63-8275,Sports and travel
773,4.761904762,2.621,52.42,52.42,2.621,6.3,471-06-8611,Food and beverages
774,4.761904762,6.565,131.3,65.65,6.565,6.0,200-16-5952,Food and beverages
775,4.761904762,7.215,144.3,28.86,7.215,8.0,120-54-2248,Food and beverages
776,4.761904762,22.8585,457.17,65.31,22.8585,4.2,102-77-2261,Health and beauty
777,4.761904762,4.669,93.38,93.38,4.669,9.6,875-31-8302,Sports and travel
778,4.761904762,6.3125,126.25,25.25,6.3125,6.1,102-06-2002,Sports and travel
779,4.761904762,39.5415,790.83,87.87,39.5415,5.6,457-94-0464,Electronic accessories
780,4.761904762,8.72,174.4,21.8,8.72,8.3,629-42-4133,Health and beauty
781,4.761904762,18.952,379.04,94.76,18.952,7.8,534-53-3526,Sports and travel
782,4.761904762,1.531,30.62,30.62,1.531,4.1,307-04-2070,Fashion accessories
783,4.761904762,17.604,352.08,44.01,17.604,8.8,468-99-7231,Home and lifestyle
784,4.761904762,2.54,50.8,10.16,2.54,4.1,516-77-6464,Health and beauty
785,4.761904762,26.103,522.06,74.58,26.103,9.0,404-91-5964,Electronic accessories
786,4.761904762,28.756,575.12,71.89,28.756,5.5,886-77-9084,Electronic accessories
787,4.761904762,2.7475,54.95,10.99,2.7475,9.3,790-38-4466,Health and beauty
788,4.761904762,9.0705,181.41,60.47,9.0705,5.6,704-10-4056,Health and beauty
789,4.761904762,20.6185,412.37,58.91,20.6185,9.7,497-37-6538,Sports and travel
790,4.761904762,2.3205,46.41,46.41,2.3205,4.0,651-96-5970,Fashion accessories
791,4.761904762,13.71,274.2,68.55,13.71,9.2,400-80-4065,Health and beauty
792,4.761904762,48.685,973.7,97.37,48.685,4.9,744-16-7898,Home and lifestyle
793,4.761904762,32.41,648.2,92.6,32.41,9.3,263-12-5321,Electronic accessories
794,4.761904762,4.661,93.22,46.61,4.661,6.6,702-72-0487,Electronic accessories
795,4.761904762,2.718,54.36,27.18,2.718,4.3,605-83-1050,Fashion accessories
796,4.761904762,3.0435,60.87,60.87,3.0435,5.5,443-60-9639,Home and lifestyle
797,4.761904762,12.245,244.9,24.49,12.245,8.1,864-24-7918,Sports and travel
798,4.761904762,4.639,92.78,92.78,4.639,9.8,359-94-5395,Health and beauty
799,4.761904762,21.6725,433.45,86.69,21.6725,9.4,401-09-4232,Home and lifestyle
800,4.761904762,6.903,138.06,23.01,6.903,7.9,751-15-6198,Sports and travel
801,4.761904762,12.08,241.6,30.2,12.08,5.1,324-41-6833,Electronic accessories
802,4.761904762,23.5865,471.73,67.39,23.5865,6.9,474-33-8305,Fashion accessories
803,4.761904762,22.032,440.64,48.96,22.032,8.0,759-29-9521,Fashion accessories
804,4.761904762,34.0155,680.31,75.59,34.0155,8.0,831-81-6575,Electronic accessories
805,4.761904762,15.494,309.88,77.47,15.494,4.2,220-68-6701,Home and lifestyle
806,4.761904762,9.318,186.36,93.18,9.318,8.5,618-34-8551,Sports and travel
807,4.761904762,10.046,200.92,50.23,10.046,9.0,257-60-7754,Electronic accessories
808,4.761904762,0.8875,17.75,17.75,0.8875,8.6,559-61-5987,Health and beauty
809,4.761904762,31.09,621.8,62.18,31.09,6.0,189-55-2313,Fashion accessories
810,4.761904762,4.3,86.0,10.75,4.3,6.2,565-91-4567,Health and beauty
811,4.761904762,20.13,402.6,40.26,20.13,5.0,380-60-5336,Electronic accessories
812,4.761904762,16.2425,324.85,64.97,16.2425,6.5,815-04-6282,Sports and travel
813,4.761904762,4.7575,95.15,95.15,4.7575,6.0,674-56-6360,Electronic accessories
814,4.761904762,19.448,388.96,48.62,19.448,5.0,778-34-2523,Electronic accessories
815,4.761904762,21.284,425.68,53.21,21.284,5.0,499-27-7781,Food and beverages
816,4.761904762,15.904,318.08,45.44,15.904,9.2,477-59-2456,Fashion accessories
817,4.761904762,13.552,271.04,33.88,13.552,9.6,832-51-6761,Food and beverages
818,4.761904762,19.232,384.64,96.16,19.232,8.4,869-11-3082,Health and beauty
819,4.761904762,11.79,235.8,47.16,11.79,6.0,190-59-3964,Food and beverages
820,4.761904762,10.578,211.56,52.89,10.578,6.7,366-43-6862,Electronic accessories
821,4.761904762,4.768,95.36,47.68,4.768,4.1,186-43-8965,Home and lifestyle
822,4.761904762,0.5085,10.17,10.17,0.5085,5.9,784-21-9238,Sports and travel
823,4.761904762,10.3065,206.13,68.71,10.3065,8.7,276-75-6884,Health and beauty
824,4.761904762,21.028,420.56,60.08,21.028,4.5,109-86-4363,Sports and travel
825,4.761904762,4.402,88.04,22.01,4.402,6.6,569-76-2760,Sports and travel
826,4.761904762,32.4495,648.99,72.11,32.4495,7.7,222-42-0244,Health and beauty
827,4.761904762,6.192,123.84,41.28,6.192,8.5,760-53-9233,Fashion accessories
828,4.761904762,32.475,649.5,64.95,32.475,5.2,538-22-0304,Electronic accessories
829,4.761904762,37.11,742.2,74.22,37.11,4.3,416-17-9926,Electronic accessories
830,4.761904762,4.224,84.48,10.56,4.224,7.6,237-44-6163,Electronic accessories
831,4.761904762,12.514,250.28,62.57,12.514,9.5,636-17-0325,Health and beauty
832,4.761904762,4.74,94.8,11.85,4.74,4.1,343-75-9322,Sports and travel
833,4.761904762,4.565,91.3,91.3,4.565,9.2,528-14-9470,Health and beauty
834,4.761904762,14.2555,285.11,40.73,14.2555,5.4,427-45-9297,Home and lifestyle
835,4.761904762,2.619,52.38,52.38,2.619,5.8,807-34-3742,Fashion accessories
836,4.761904762,9.635,192.7,38.54,9.635,5.6,288-62-1085,Fashion accessories
837,4.761904762,13.389,267.78,44.63,13.389,5.1,670-71-7306,Sports and travel
838,4.761904762,27.935,558.7,55.87,27.935,5.8,660-29-7083,Electronic accessories
839,4.761904762,8.766,175.32,29.22,8.766,5.0,271-77-8740,Sports and travel
840,4.761904762,7.791,155.82,51.94,7.791,7.9,497-36-0989,Fashion accessories
841,4.761904762,3.015,60.3,60.3,3.015,6.0,291-59-1384,Electronic accessories
842,4.761904762,3.947,78.94,39.47,3.947,5.0,860-73-6466,Sports and travel
843,4.761904762,1.487,29.74,14.87,1.487,8.9,549-23-9016,Food and beverages
844,4.761904762,1.066,21.32,21.32,1.066,5.9,896-34-0956,Fashion accessories
845,4.761904762,14.067,281.34,93.78,14.067,5.9,804-38-3935,Electronic accessories
846,4.761904762,3.663,73.26,73.26,3.663,9.7,585-90-0249,Electronic accessories
847,4.761904762,1.119,22.38,22.38,1.119,8.6,862-29-5914,Sports and travel
848,4.761904762,32.796,655.92,72.88,32.796,4.0,845-94-6841,Food and beverages
849,4.761904762,29.73,594.6,99.1,29.73,4.2,125-45-2293,Fashion accessories
850,4.761904762,3.705,74.1,74.1,3.705,9.2,843-73-4724,Fashion accessories
851,4.761904762,9.848,196.96,98.48,9.848,9.2,409-33-9708,Fashion accessories
852,4.761904762,18.6165,372.33,53.19,18.6165,5.0,658-66-3967,Health and beauty
853,4.761904762,26.395,527.9,52.79,26.395,10.0,866-70-2814,Electronic accessories
854,4.761904762,23.9875,479.75,95.95,23.9875,8.8,160-22-2687,Health and beauty
855,4.761904762,16.4295,328.59,36.51,16.4295,4.2,895-03-6665,Fashion accessories
856,4.761904762,8.448,168.96,21.12,8.448,6.3,770-42-8960,Food and beverages
857,4.761904762,5.662,113.24,28.31,5.662,8.2,748-45-2862,Home and lifestyle
858,4.761904762,17.277,345.54,57.59,17.277,5.1,234-36-2483,Health and beauty
859,4.761904762,21.4335,428.67,47.63,21.4335,5.0,316-66-3011,Food and beverages
860,4.761904762,4.3135,86.27,86.27,4.3135,7.0,848-95-6252,Home and lifestyle
861,4.761904762,1.276,25.52,12.76,1.276,7.8,840-76-5966,Sports and travel
862,4.761904762,5.076,101.52,11.28,5.076,4.3,152-03-4217,Home and lifestyle
863,4.761904762,17.8745,357.49,51.07,17.8745,7.0,533-66-5566,Home and lifestyle
864,4.761904762,11.9385,238.77,79.59,11.9385,6.6,124-31-1458,Electronic accessories
865,4.761904762,5.0715,101.43,33.81,5.0715,7.3,176-78-1170,Health and beauty
866,4.761904762,36.212,724.24,90.53,36.212,6.5,361-59-0574,Sports and travel
867,4.761904762,6.282,125.64,62.82,6.282,4.9,101-81-4070,Health and beauty
868,4.761904762,3.6465,72.93,24.31,3.6465,4.3,631-34-1880,Food and beverages
869,4.761904762,12.918,258.36,64.59,12.918,9.3,852-82-2749,Sports and travel
870,4.761904762,8.687,173.74,24.82,8.687,7.1,873-14-6353,Food and beverages
871,4.761904762,2.825,56.5,56.5,2.825,9.6,584-66-4073,Fashion accessories
872,4.761904762,10.715,214.3,21.43,10.715,6.2,544-55-9589,Electronic accessories
873,4.761904762,26.718,534.36,89.06,26.718,9.9,166-19-2553,Sports and travel
874,4.761904762,4.658,93.16,23.29,4.658,5.9,737-88-5876,Home and lifestyle
875,4.761904762,26.104,522.08,65.26,26.104,6.3,154-87-7367,Home and lifestyle
876,4.761904762,2.6175,52.35,52.35,2.6175,4.0,885-56-0389,Fashion accessories
877,4.761904762,1.9875,39.75,39.75,1.9875,6.1,608-05-3804,Electronic accessories
878,4.761904762,36.008,720.16,90.02,36.008,4.5,448-61-3783,Electronic accessories
879,4.761904762,4.84,96.8,12.1,4.84,8.6,761-49-0439,Electronic accessories
880,4.761904762,16.605,332.1,33.21,16.605,6.0,490-95-0021,Food and beverages
881,4.761904762,4.072,81.44,10.18,4.072,9.5,115-38-7388,Fashion accessories
882,4.761904762,15.995,319.9,31.99,15.995,9.9,311-13-6971,Sports and travel
883,4.761904762,10.326,206.52,34.42,10.326,7.5,291-55-6563,Home and lifestyle
884,4.761904762,8.334,166.68,83.34,8.334,7.6,548-48-3156,Food and beverages
885,4.761904762,15.953,319.06,45.58,15.953,5.0,460-93-5834,Sports and travel
886,4.761904762,4.395,87.9,87.9,4.395,6.7,325-89-4209,Food and beverages
887,4.761904762,36.735,734.7,73.47,36.735,9.5,884-80-6021,Electronic accessories
888,4.761904762,4.876,97.52,12.19,4.876,6.8,137-74-8729,Fashion accessories
889,4.761904762,38.46,769.2,76.92,38.46,5.6,880-46-5796,Sports and travel
890,4.761904762,20.915,418.3,83.66,20.915,7.2,389-70-2397,Health and beauty
891,4.761904762,23.164,463.28,57.91,23.164,8.1,114-35-5271,Electronic accessories
892,4.761904762,23.1225,462.45,92.49,23.1225,8.6,607-76-6216,Fashion accessories
893,4.761904762,7.095,141.9,28.38,7.095,9.4,715-20-1673,Electronic accessories
894,4.761904762,15.135,302.7,50.45,15.135,8.9,811-35-1094,Electronic accessories
895,4.761904762,39.664,793.28,99.16,39.664,4.2,699-88-1972,Health and beauty
896,4.761904762,21.259,425.18,60.74,21.259,5.0,781-84-8059,Fashion accessories
897,4.761904762,14.181,283.62,47.27,14.181,8.8,409-49-6995,Food and beverages
898,4.761904762,29.96,599.2,85.6,29.96,5.3,725-54-0677,Health and beauty
899,4.761904762,15.768,315.36,35.04,15.768,4.6,146-09-5432,Food and beverages
900,4.761904762,20.178,403.56,44.84,20.178,7.5,377-79-7592,Electronic accessories
901,4.761904762,9.194,183.88,45.97,9.194,5.1,509-10-0516,Home and lifestyle
902,4.761904762,6.9325,138.65,27.73,6.9325,4.2,595-94-9924,Health and beauty
903,4.761904762,4.0355,80.71,11.53,4.0355,8.1,865-41-9075,Food and beverages
904,4.761904762,5.832,116.64,58.32,5.832,6.0,545-07-8534,Health and beauty
905,4.761904762,15.676,313.52,78.38,15.676,7.9,118-62-1812,Home and lifestyle
906,4.761904762,42.305,846.1,84.61,42.305,8.8,450-42-3339,Health and beauty
907,4.761904762,20.72,414.4,82.88,20.72,6.6,851-98-3555,Health and beauty
908,4.761904762,7.954,159.08,79.54,7.954,6.2,186-71-5196,Food and beverages
909,4.761904762,24.505,490.1,49.01,24.505,4.2,624-01-8356,Home and lifestyle
910,4.761904762,4.3725,87.45,29.15,4.3725,7.3,313-66-9943,Food and beverages
911,4.761904762,11.226,224.52,56.13,11.226,8.6,151-27-8496,Electronic accessories
912,4.761904762,37.248,744.96,93.12,37.248,6.8,453-33-6436,Home and lifestyle
913,4.761904762,20.536,410.72,51.34,20.536,7.6,522-57-8364,Fashion accessories
914,4.761904762,14.94,298.8,99.6,14.94,5.8,459-45-2396,Food and beverages
915,4.761904762,10.647,212.94,35.49,10.647,4.1,717-96-4189,Electronic accessories
916,4.761904762,2.1425,42.85,42.85,2.1425,9.3,722-13-2115,Sports and travel
917,4.761904762,18.934,378.68,94.67,18.934,6.8,749-81-8133,Fashion accessories
918,4.761904762,10.3455,206.91,68.97,10.3455,8.7,777-67-2495,Home and lifestyle
919,4.761904762,3.939,78.78,26.26,3.939,6.3,636-98-3364,Electronic accessories
920,4.761904762,16.1055,322.11,35.79,16.1055,5.1,246-55-6923,Home and lifestyle
921,4.761904762,4.911,98.22,16.37,4.911,7.0,181-82-6255,Home and lifestyle
922,4.761904762,1.273,25.46,12.73,1.273,5.2,838-02-1821,Home and lifestyle
923,4.761904762,29.099,581.98,83.14,29.099,6.6,887-42-0517,Sports and travel
924,4.761904762,10.566,211.32,35.22,10.566,6.5,457-12-0244,Sports and travel
925,4.761904762,2.756,55.12,13.78,2.756,9.0,226-34-0034,Electronic accessories
926,4.761904762,4.4155,88.31,88.31,4.4155,5.2,321-49-7382,Sports and travel
927,4.761904762,17.829,356.58,39.62,17.829,6.8,397-25-8725,Health and beauty
928,4.761904762,39.7125,794.25,88.25,39.7125,7.6,431-66-2305,Electronic accessories
929,4.761904762,2.531,50.62,25.31,2.531,7.2,825-94-5922,Sports and travel
930,4.761904762,29.976,599.52,99.92,29.976,7.1,641-62-7288,Home and lifestyle
931,4.761904762,8.335,166.7,83.35,8.335,9.5,756-93-1854,Fashion accessories
932,4.761904762,37.22,744.4,74.44,37.22,5.1,243-55-8457,Food and beverages
933,4.761904762,22.428,448.56,64.08,22.428,7.6,458-10-8612,Health and beauty
934,4.761904762,18.945,378.9,63.15,18.945,9.8,501-61-1753,Home and lifestyle
935,4.761904762,12.858,257.16,85.72,12.858,5.1,235-06-8510,Home and lifestyle
936,4.761904762,27.6115,552.23,78.89,27.6115,7.5,433-08-7822,Health and beauty
937,4.761904762,22.37,447.4,89.48,22.37,7.4,361-85-2571,Sports and travel
938,4.761904762,13.8135,276.27,92.09,13.8135,4.2,131-70-8179,Health and beauty
939,4.761904762,17.187,343.74,57.29,17.187,5.9,500-02-2261,Food and beverages
940,4.761904762,13.304,266.08,66.52,13.304,6.9,720-72-2436,Food and beverages
941,4.761904762,44.919,898.38,99.82,44.919,6.6,702-83-5291,Fashion accessories
942,4.761904762,22.84,456.8,45.68,22.84,5.7,809-69-9497,Home and lifestyle
943,4.761904762,12.6975,253.95,50.79,12.6975,5.3,449-16-6770,Health and beauty
944,4.761904762,3.528,70.56,10.08,3.528,4.2,333-23-2632,Health and beauty
945,4.761904762,32.858,657.16,93.88,32.858,7.3,489-82-1237,Electronic accessories
946,4.761904762,8.425,168.5,84.25,8.425,5.3,859-97-6048,Electronic accessories
947,4.761904762,2.689,53.78,53.78,2.689,4.7,676-10-2200,Fashion accessories
948,4.761904762,8.9525,179.05,35.81,8.9525,7.9,373-88-1424,Home and lifestyle
949,4.761904762,10.572,211.44,26.43,10.572,8.9,365-16-4334,Food and beverages
950,4.761904762,5.9865,119.73,39.91,5.9865,9.3,503-21-4385,Health and beauty
951,4.761904762,3.285,65.7,21.9,3.285,4.7,305-89-2768,Home and lifestyle
952,4.761904762,12.57,251.4,62.85,12.57,8.7,574-80-1489,Food and beverages
953,4.761904762,4.208,84.16,21.04,4.208,7.6,784-08-0310,Food and beverages
954,4.761904762,19.773,395.46,65.91,19.773,5.7,200-40-6154,Home and lifestyle
955,4.761904762,14.8995,297.99,42.57,14.8995,6.8,846-10-0341,Fashion accessories
956,4.761904762,22.7205,454.41,50.49,22.7205,5.4,577-34-7579,Food and beverages
957,4.761904762,13.806,276.12,46.02,13.806,7.1,430-02-3888,Electronic accessories
958,4.761904762,7.9,158.0,15.8,7.9,7.8,867-47-1948,Home and lifestyle
959,4.761904762,44.397,887.94,98.66,44.397,8.4,384-59-6655,Food and beverages
960,4.761904762,4.599,91.98,91.98,4.599,9.8,256-58-3609,Fashion accessories
961,4.761904762,2.089,41.78,20.89,2.089,9.8,324-92-3863,Electronic accessories
962,4.761904762,0.775,15.5,15.5,0.775,7.4,593-08-5916,Fashion accessories
963,4.761904762,14.523,290.46,96.82,14.523,6.7,364-34-2972,Electronic accessories
964,4.761904762,3.333,66.66,33.33,3.333,6.4,794-42-3736,Food and beverages
965,4.761904762,3.827,76.54,38.27,3.827,5.8,172-42-8274,Electronic accessories
966,4.761904762,14.985,299.7,33.3,14.985,7.2,558-60-5016,Home and lifestyle
967,4.761904762,12.1515,243.03,81.01,12.1515,9.3,195-06-0432,Home and lifestyle
968,4.761904762,2.37,47.4,15.8,2.37,9.5,605-03-2706,Health and beauty
969,4.761904762,8.6225,172.45,34.49,8.6225,9.0,214-30-2776,Electronic accessories
970,4.761904762,42.315,846.3,84.63,42.315,9.0,746-04-1077,Food and beverages
971,4.761904762,12.9185,258.37,36.91,12.9185,6.7,448-34-8700,Home and lifestyle
972,4.761904762,30.478,609.56,87.08,30.478,5.5,452-04-8808,Electronic accessories
973,4.761904762,12.012,240.24,80.08,12.012,5.4,531-56-4728,Home and lifestyle
974,4.761904762,8.613,172.26,86.13,8.613,8.2,744-82-9138,Fashion accessories
975,4.761904762,4.992,99.84,49.92,4.992,7.0,883-69-1285,Fashion accessories
976,4.761904762,14.932,298.64,74.66,14.932,8.5,221-25-5073,Food and beverages
977,4.761904762,7.98,159.6,26.6,7.98,4.9,518-71-6847,Food and beverages
978,4.761904762,1.2725,25.45,25.45,1.2725,5.1,156-20-0370,Electronic accessories
979,4.761904762,3.3885,67.77,67.77,3.3885,6.5,151-33-7434,Food and beverages
980,4.761904762,11.918,238.36,59.59,11.918,9.8,728-47-9078,Food and beverages
981,4.761904762,11.63,232.6,58.15,11.63,8.4,809-46-1866,Health and beauty
982,4.761904762,43.866,877.32,97.48,43.866,7.4,139-32-4183,Sports and travel
983,4.761904762,34.986,699.72,99.96,34.986,6.1,148-41-7930,Health and beauty
984,4.761904762,33.7295,674.59,96.37,33.7295,6.0,189-40-5216,Electronic accessories
985,4.761904762,15.9275,318.55,63.71,15.9275,8.5,374-38-5555,Fashion accessories
986,4.761904762,1.476,29.52,14.76,1.476,4.3,764-44-8999,Health and beauty
987,4.761904762,24.8,496.0,62.0,24.8,6.2,552-44-5977,Health and beauty
988,4.761904762,41.17,823.4,82.34,41.17,4.3,267-62-7380,Electronic accessories
989,4.761904762,30.148,602.96,75.37,30.148,8.4,430-53-4718,Health and beauty
990,4.761904762,14.14,282.8,56.56,14.14,4.5,886-18-2897,Food and beverages
991,4.761904762,38.3,766.0,76.6,38.3,6.0,602-16-6955,Sports and travel
992,4.761904762,5.803,116.06,58.03,5.803,8.8,745-74-0715,Electronic accessories
993,4.761904762,8.745,174.9,17.49,8.745,6.6,690-01-6631,Fashion accessories
994,4.761904762,3.0475,60.95,60.95,3.0475,5.9,652-49-6720,Electronic accessories
995,4.761904762,2.0175,40.35,40.35,2.0175,6.2,233-67-5758,Health and beauty
996,4.761904762,48.69,973.8,97.38,48.69,4.4,303-96-2227,Home and lifestyle
997,4.761904762,1.592,31.84,31.84,1.592,7.7,727-02-1313,Food and beverages
998,4.761904762,3.291,65.82,65.82,3.291,4.1,347-56-2442,Home and lifestyle
999,4.761904762,30.919,618.38,88.34,30.919,6.6,849-09-3807,Fashion accessories
